Workbook

Sheet 룰
A1: 1) 기본 룰 - 4인 반장전 - 25000점 시작, 30000점 반환 - 10-20 우마 - 적도라, 깡도라, 뒷도라 있음, 쿠이탕 있음 - 더블리치 있음 - 셈 역만 인정 - 형식 텐파이(역 없는 텐파이) 허용 - 유국 시 연장 유지 - 들통(토비) 있음 - 동점자 발생 시 첫 친에 가까운 자리 순서대로 순위 결정 - 서입 있음 - 화료 중지(오라스 친이 화료 시 대국 종료 여부 선택) 불가 - 더블론시 방총자에서 가까운 사람이 리치봉 획득 - 기타 사정으로 남4국이 끝나기전의 종료 시 기록에서 제외 - 깡이후 신도라표시패 오픈은 안깡(암깡) = 즉시 / 명깡 = 타패 이후 (2020 / 08 / 08 추가) - 리치, 치, 뻥(언제든 가능) / 깡(패산에 쯔모할 패가 1개 이상일 때 가능) - 벌점 : 잘못된 발성(치,펑,깡) 시에만 적용 - 화료불가 : 잘못된 발성(리치, 론, 쯔모) 시에만 적용 - 도중유국 : 친의 노텐을 제외하고 친이 넘어가지 않음
A2: 2) 로컬(?) 룰 - 더블 론 있음(트리플 론 가능) - 2025.05.08 개정 - 팔연장 인정 - 5연장 이상 2판 묶기 있음 - 책임지불 있음(대삼원, 대사희, 사깡즈) - 사암각, 국사무쌍, 구련보등의 더블역만 조건 있음. 대사희(더블역만)
A3: 3) FAQ - 친의 촌보는 친이 넘어가지 않음 - 자가 촌보를 한 경우 해당 국을 취소하고 다시 진행 (해당 국의 벌점 및 리치 공탁금은 해당 대국자에게 반환) - 자의 유국만관 발생 시 친의 텐파이 여부 상관 없이 친이 넘어감 - 창깡 시의 깡도라는 인정하지 않음 - 네 번째 깡을 친 대국자가 영상패를 가져오고 타패한 후, 타가의 론이 없으면 4깡유국 발생 - 실수로 왕패 중에서 다른 패를 뒤집었을 경우, 실수로 뒤집은 패를 보이지 않게 제자리에 돌려놓고 다시 정규 표시패를 뒤집어 도라 표시패로 한다.
A4: - 촌보 : 모든 패를 합쳐 5개 이상 공개시, 론 쯔모 발성 후 패 공개하였을때 대기 패가 아니였을경우, 리치 후 유국되었을경우 텐파이 공개시 텐파이가 아닐 경우
A6: 참고 : https://kml.or.kr/?page_id=62&uid=945&mod=document&pageid=1

Sheet 플레이어
A1: 조연
A2: 댕댕
A3: 고꿍
A4: 절미
A5: 루젼
A6: 넥닉수
A7: 레이
A8: 한토
A9: 막장
A10: 나방
A11: 라비
A12: 서림
... A33: 또또

Sheet 입력
C1: 라운드 | D1: 254 | E1: <- 라운드입력 | H1: 화료
B2: 위치 | C2: 플레이어 | D2: 점수 | E2: 순위 | F2: 최종점수 | H2: 만관 | I2: 하네만 | J2: 배만 | K2: 삼배만 | L2: 역만 | M2: 헤아림 역만 | N2: 더블 역만
B3: 동 | E3: =RANK(D3, $D$3:$D$6) + COUNTIFS($D$3:D3, D3) - 1 -> #N/A | F3: =(D3-30000)/1000 + IFS(E3=1, 40, E3=2, 10, E3=3, -10, E3=4, -20) -> #N/A
B4: 남 | E4: =RANK(D4, $D$3:$D$6) + COUNTIFS($D$3:D4, D4) - 1 -> #N/A | F4: =(D4-30000)/1000 + IFS(E4=1, 40, E4=2, 10, E4=3, -10, E4=4, -20) -> #N/A
B5: 서 | E5: =RANK(D5, $D$3:$D$6) + COUNTIFS($D$3:D5, D5) - 1 -> #N/A | F5: =(D5-30000)/1000 + IFS(E5=1, 40, E5=2, 10, E5=3, -10, E5=4, -20) -> #N/A
B6: 북 | E6: =RANK(D6, $D$3:$D$6) + COUNTIFS($D$3:D6, D6) - 1 -> #N/A | F6: =(D6-30000)/1000 + IFS(E6=1, 40, E6=2, 10, E6=3, -10, E6=4, -20) -> #N/A
A7: 기록 저장 | D7: =sum(D3:D6) -> 0
A8: FALSE

Sheet 기록
A1: 날짜 | B1: 라운드 | C1: 바람 | D1: 이름 | E1: 최종점수 | F1: 순위 | G1: 우마 | I1: 만관 | J1: 하네만 | K1: 배만 | L1: 삼배만 | M1: 역만 | N1: 헤아림 역만 | O1: 더블 역만
A2: 46075.943 | B2: 253 | C2: 동 | D2: 라비 | E2: 35500 | F2: 2 | G2: 15.5 | I2: 1 | J2: 0 | K2: 0 | L2: 0 | M2: 0 | N2: 0 | O2: 0
A3: 46075.943 | B3: 253 | C3: 남 | D3: 댕댕 | E3: 18100 | F3: 3 | G3: -21.9 | I3: 0 | J3: 0 | K3: 0 | L3: 0 | M3: 0 | N3: 0 | O3: 0
A4: 46075.943 | B4: 253 | C4: 서 | D4: 절미 | E4: 52100 | F4: 1 | G4: 62.1 | I4: 3 | J4: 1 | K4: 0 | L4: 0 | M4: 0 | N4: 0 | O4: 0
A5: 46075.943 | B5: 253 | C5: 북 | D5: 물냉 | E5: -5700 | F5: 4 | G5: -55.7 | I5: 0 | J5: 0 | K5: 0 | L5: 0 | M5: 0 | N5: 0 | O5: 0
A6: 46075.886 | B6: 252 | C6: 동 | D6: 절미 | E6: 5700 | F6: 4 | G6: -44.3 | I6: 0 | J6: 0 | K6: 0 | L6: 0 | M6: 0 | N6: 0 | O6: 0
A7: 46075.886 | B7: 252 | C7: 남 | D7: 라비 | E7: 37900 | F7: 1 | G7: 47.9 | I7: 0 | J7: 0 | K7: 0 | L7: 0 | M7: 0 | N7: 0 | O7: 0
A8: 46075.886 | B8: 252 | C8: 서 | D8: 물냉 | E8: 28200 | F8: 2 | G8: 8.2 | I8: 0 | J8: 0 | K8: 0 | L8: 0 | M8: 0 | N8: 0 | O8: 0
A9: 46075.886 | B9: 252 | C9: 북 | D9: 댕댕 | E9: 28200 | F9: 3 | G9: -11.8 | I9: 0 | J9: 0 | K9: 0 | L9: 0 | M9: 0 | N9: 0 | O9: 0
A10: 46075.848 | B10: 251 | C10: 동 | D10: 댕댕 | E10: 25400 | F10: 2 | G10: 5.4 | I10: 0 | J10: 0 | K10: 0 | L10: 0 | M10: 0 | N10: 0 | O10: 0
A11: 46075.848 | B11: 251 | C11: 남 | D11: 절미 | E11: 56000 | F11: 1 | G11: 66 | I11: 1 | J11: 1 | K11: 0 | L11: 0 | M11: 0 | N11: 0 | O11: 0
A12: 46075.848 | B12: 251 | C12: 서 | D12: 라비 | E12: 15400 | F12: 3 | G12: -24.6 | I12: 0 | J12: 0 | K12: 0 | L12: 0 | M12: 0 | N12: 0 | O12: 0
A13: 46075.848 | B13: 251 | C13: 북 | D13: 물냉 | E13: 3200 | F13: 4 | G13: -46.8 | I13: 0 | J13: 0 | K13: 0 | L13: 0 | M13: 0 | N13: 0 | O13: 0
... A553: 45989.858 | B553: 110 | C553: 북 | D553: 댕댕 | E553: 54600 | F553: 1 | G553: 64.6 | I553: 0 | J553: 1 | K553: 0 | L553: 0 | M553: 0 | N553: 0 | O553: 0
A554: 45986.065 | B554: 109 | C554: 동 | D554: 루젼 | E554: 19700 | F554: 2 | G554: -0.3 | I554: 7 | J554: 3 | K554: 1 | L554: 0 | M554: 1
A555: 45986.065 | B555: 109 | C555: 남 | D555: 댕댕 | E555: 68200 | F555: 1 | G555: 78.2
A556: 45986.065 | B556: 109 | C556: 서 | D556: 막장 | E556: 16100 | F556: 3 | G556: -23.9
A557: 45986.065 | B557: 109 | C557: 북 | D557: 고꿍 | E557: -4000 | F557: 4 | G557: -54 | I557: 8 | J557: 4 | K557: 1 | L557: 0 | M557: 1
A558: 45986.064 | B558: 108 | C558: 동 | D558: 절미 | E558: 45900 | F558: 1 | G558: 55.9
A559: 45986.064 | B559: 108 | C559: 남 | D559: 블루 | E559: -2000 | F559: 4 | G559: -52
A560: 45986.064 | B560: 108 | C560: 서 | D560: 레이 | E560: 28100 | F560: 2 | G560: 8.1 | I560: 3
A561: 45986.064 | B561: 108 | C561: 북 | D561: 라비 | E561: 28000 | F561: 3 | G561: -12
A562: 45986.064 | B562: 107 | C562: 동 | D562: 절미 | E562: 30000 | F562: 3 | G562: -10
A563: 45986.064 | B563: 107 | C563: 남 | D563: 블루 | E563: 34200 | F563: 2 | G563: 14.2
A564: 45986.064 | B564: 107 | C564: 서 | D564: 막장 | E564: -6800 | F564: 4 | G564: -56.8
A565: 45986.064 | B565: 107 | C565: 북 | D565: 루젼 | E565: 42600 | F565: 1 | G565: 52.6
A566: 45986.064 | B566: 106 | C566: 동 | D566: 고꿍 | E566: 31900 | F566: 2 | G566: 11.9
A567: 45986.064 | B567: 106 | C567: 남 | D567: 레이 | E567: 2000 | F567: 4 | G567: -48
A568: 45986.064 | B568: 106 | C568: 서 | D568: 라비 | E568: 22500 | F568: 3 | G568: -17.5
A569: 45986.064 | B569: 106 | C569: 북 | D569: 댕댕 | E569: 43600 | F569: 1 | G569: 53.6
A570: 45986.064 | B570: 105 | C570: 동 | D570: 이비 | E570: -25600 | F570: 4 | G570: -75.6
A571: 45986.064 | B571: 105 | C571: 남 | D571: 댕댕 | E571: 22600 | F571: 3 | G571: -17.4
A572: 45986.064 | B572: 105 | C572: 서 | D572: 루젼 | E572: 47100 | F572: 2 | G572: 27.1
... A578: 45986.063 | B578: 103 | C578: 동 | D578: 루젼 | E578: 21500 | F578: 3 | G578: -18.5
A579: 45986.063 | B579: 103 | C579: 남 | D579: 이비 | E579: 26100 | F579: 2 | G579: 6.1 | I579: 1
A580: 45986.063 | B580: 103 | C580: 서 | D580: 고꿍 | E580: 41400 | F580: 1 | G580: 51.4
A581: 45986.063 | B581: 103 | C581: 북 | D581: 댕댕 | E581: 11000 | F581: 4 | G581: -39
A582: 45986.063 | B582: 102 | C582: 동 | D582: 라비 | E582: 31100 | F582: 2 | G582: 11.1
A583: 45986.063 | B583: 102 | C583: 남 | D583: 댕댕 | E583: 18900 | F583: 3 | G583: -21.1
A584: 45986.063 | B584: 102 | C584: 서 | D584: 이비 | E584: 35300 | F584: 1 | G584: 45.3
A585: 45986.063 | B585: 102 | C585: 북 | D585: 레이 | E585: 14700 | F585: 4 | G585: -35.3
A586: 45986.062 | B586: 101 | C586: 동 | D586: 레이 | E586: 19500 | F586: 2 | G586: -0.5
A587: 45986.062 | B587: 101 | C587: 남 | D587: 절미 | E587: 16500 | F587: 4 | G587: -33.5
A588: 45986.062 | B588: 101 | C588: 서 | D588: 막장 | E588: 18700 | F588: 3 | G588: -21.3
A589: 45986.062 | B589: 101 | C589: 북 | D589: 라비 | E589: 45300 | F589: 1 | G589: 55.3 | I589: 2 | J589: 1
A590: 45986.062 | B590: 100 | C590: 동 | D590: 막장 | E590: 35300 | F590: 2 | G590: 15.3
A591: 45986.062 | B591: 100 | C591: 남 | D591: 절미 | E591: 25300 | F591: 3 | G591: -14.7
A592: 45986.062 | B592: 100 | C592: 서 | D592: 루젼 | E592: 44900 | F592: 1 | G592: 54.9
A593: 45986.062 | B593: 100 | C593: 북 | D593: 라비 | E593: -5500 | F593: 4 | G593: -55.5
A594: 45986.062 | B594: 99 | C594: 동 | D594: 레이 | E594: 16400 | F594: 4 | G594: -33.6
A595: 45986.062 | B595: 99 | C595: 남 | D595: 이비 | E595: 18600 | F595: 3 | G595: -21.4
A596: 45986.062 | B596: 99 | C596: 서 | D596: 댕댕 | E596: 25400 | F596: 2 | G596: 5.4
A597: 45986.062 | B597: 99 | C597: 북 | D597: 고꿍 | E597: 39600 | F597: 1 | G597: 49.6
A598: 45986.061 | B598: 98 | C598: 동 | D598: 절미 | E598: -9100 | F598: 4 | G598: -59.1
A599: 45986.061 | B599: 98 | C599: 남 | D599: 루젼 | E599: 41200 | F599: 1 | G599: 51.2
A600: 45986.061 | B600: 98 | C600: 서 | D600: 댕댕 | E600: 38200 | F600: 2 | G600: 18.2
A601: 45986.061 | B601: 98 | C601: 북 | D601: 나방 | E601: 29700 | F601: 3 | G601: -10.3 | I601: 1
A602: 45986.061 | B602: 97 | C602: 동 | D602: 나방 | E602: 16200 | F602: 3 | G602: -23.8
A603: 45986.061 | B603: 97 | C603: 남 | D603: 루젼 | E603: 10800 | F603: 4 | G603: -39.2
A604: 45986.061 | B604: 97 | C604: 서 | D604: 댕댕 | E604: 39400 | F604: 1 | G604: 49.4
A605: 45986.061 | B605: 97 | C605: 북 | D605: 절미 | E605: 33600 | F605: 2 | G605: 13.6
A606: 45986.06 | B606: 96 | C606: 동 | D606: 루젼 | E606: -7700 | F606: 4 | G606: -57.7
A607: 45986.06 | B607: 96 | C607: 남 | D607: 절미 | E607: 37900 | F607: 2 | G607: 17.9
A608: 45986.06 | B608: 96 | C608: 서 | D608: 나방 | E608: 45400 | F608: 1 | G608: 55.4
A609: 45986.06 | B609: 96 | C609: 북 | D609: 댕댕 | E609: 24400 | F609: 3 | G609: -15.6
A610: 45986.06 | B610: 95 | C610: 동 | D610: 절미 | E610: 37000 | F610: 1 | G610: 47
A611: 45986.06 | B611: 95 | C611: 남 | D611: 루젼 | E611: 27200 | F611: 3 | G611: -12.8
A612: 45986.06 | B612: 95 | C612: 서 | D612: 댕댕 | E612: 27400 | F612: 2 | G612: 7.4
A613: 45986.06 | B613: 95 | C613: 북 | D613: 나방 | E613: 8400 | F613: 4 | G613: -41.6
... A633: 45986.059 | B633: 90 | C633: 북 | D633: 루젼 | E633: 21000 | F633: 2 | G633: 1
A634: 45986.058 | B634: 89 | C634: 동 | D634: 넥닉수 | E634: 37200 | F634: 1 | G634: 47.2 | J634: 1
A635: 45986.058 | B635: 89 | C635: 남 | D635: 댕댕 | E635: 20600 | F635: 3 | G635: -19.4
A636: 45986.058 | B636: 89 | C636: 서 | D636: 루젼 | E636: 18000 | F636: 4 | G636: -32
A637: 45986.058 | B637: 89 | C637: 북 | D637: 게스트 | E637: 24200 | F637: 2 | G637: 4.2
A638: 45986.057 | B638: 88 | C638: 동 | D638: 절미 | E638: 14900 | F638: 3 | G638: -25.1 | I638: 2 | J638: 4 | K638: 1
A639: 45986.057 | B639: 88 | C639: 남 | D639: 댕댕 | E639: 3700 | F639: 4 | G639: -46.3
A640: 45986.057 | B640: 88 | C640: 서 | D640: 으나 | E640: 35900 | F640: 2 | G640: 15.9
A641: 45986.057 | B641: 88 | C641: 북 | D641: 호또 | E641: 45500 | F641: 1 | G641: 55.5 | I641: 2
A642: 45986.057 | B642: 87 | C642: 동 | D642: 호또 | E642: 7800 | F642: 4 | G642: -42.2
A643: 45986.057 | B643: 87 | C643: 남 | D643: 댕댕 | E643: 49600 | F643: 1 | G643: 59.6
A644: 45986.057 | B644: 87 | C644: 서 | D644: 절미 | E644: 34500 | F644: 2 | G644: 14.5
A645: 45986.057 | B645: 87 | C645: 북 | D645: 으나 | E645: 8100 | F645: 3 | G645: -31.9 | I645: 2
A646: 45986.057 | B646: 86 | C646: 동 | D646: 호또 | E646: 50700 | F646: 1 | G646: 60.7
A647: 45986.057 | B647: 86 | C647: 남 | D647: 절미 | E647: 6000 | F647: 4 | G647: -44
A648: 45986.057 | B648: 86 | C648: 서 | D648: 댕댕 | E648: 33900 | F648: 2 | G648: 13.9
A649: 45986.057 | B649: 86 | C649: 북 | D649: 으나 | E649: 9400 | F649: 3 | G649: -30.6
A650: 45986.057 | B650: 85 | C650: 동 | D650: 으나 | E650: 4900 | F650: 4 | G650: -45.1
A651: 45986.057 | B651: 85 | C651: 남 | D651: 댕댕 | E651: 65100 | F651: 1 | G651: 75.1
A652: 45986.057 | B652: 85 | C652: 서 | D652: 절미 | E652: 15600 | F652: 2 | G652: -4.4
A653: 45986.057 | B653: 85 | C653: 북 | D653: 호또 | E653: 14400 | F653: 3 | G653: -25.6
A654: 45986.056 | B654: 84 | C654: 동 | D654: 절미 | E654: 32300 | F654: 2 | G654: 12.3
A655: 45986.056 | B655: 84 | C655: 남 | D655: 으나 | E655: 14100 | F655: 3 | G655: -25.9
A656: 45986.056 | B656: 84 | C656: 서 | D656: 댕댕 | E656: 56300 | F656: 1 | G656: 66.3
A657: 45986.056 | B657: 84 | C657: 북 | D657: 호또 | E657: -2700 | F657: 4 | G657: -52.7
... A659: 45986.056 | B659: 83 | C659: 남 | D659: 댕댕 | E659: 43600 | F659: 1 | G659: 53.6
A660: 45986.056 | B660: 83 | C660: 서 | D660: 조연 | E660: 32900 | F660: 2 | G660: 12.9 | I660: 10 | J660: 9 | K660: 3 | L660: 1
A661: 45986.056 | B661: 83 | C661: 북 | D661: 절미 | E661: -1100 | F661: 4 | G661: -51.1
A662: 45986.056 | B662: 82 | C662: 동 | D662: 절미 | E662: 2700 | F662: 4 | G662: -47.3
A663: 45986.056 | B663: 82 | C663: 남 | D663: 댕댕 | E663: 13300 | F663: 3 | G663: -26.7 | I663: 38 | J663: 23 | K663: 2
A664: 45986.056 | B664: 82 | C664: 서 | D664: 루젼 | E664: 53200 | F664: 1 | G664: 63.2
...

Sheet 통계
A1: 시즌 | C1: 동 | D1: 남 | E1: 서 | F1: 북
A2: 2026 | B2: 평균순위 | C2: =IFERROR(AVERAGEIF('기록'!$C:$C, $C$1, '기록'!$F:$F), "-") -> 2.5163934 | D2: =IFERROR(AVERAGEIF('기록'!$C:$C, $D$1, '기록'!$F:$F), "-") -> 2.5040984 | E2: =IFERROR(AVERAGEIF('기록'!$C:$C, $E$1, '기록'!$F:$F), "-") -> 2.4385246 | F2: =IFERROR(AVERAGEIF('기록'!$C:$C, $F$1, '기록'!$F:$F), "-") -> 2.5409836
B3: 평균우마 | C3: =IFERROR(AVERAGEIF('기록'!$C:$C, $C$1, '기록'!$G:$G), "-") -> -0.8954918 | D3: =IFERROR(AVERAGEIF('기록'!$C:$C, $D$1, '기록'!$G:$G), "-") -> 0.90245902 | E3: =IFERROR(AVERAGEIF('기록'!$C:$C, $E$1, '기록'!$G:$G), "-") -> 1.8233607 | F3: =IFERROR(AVERAGEIF('기록'!$C:$C, $F$1, '기록'!$G:$G), "-") -> -1.8303279
B4: 총 우마 | C4: =SUMIF('기록'!$C:$C, $C$1, '기록'!$G:$G) -> -218.5 | D4: =SUMIF('기록'!$C:$C, $D$1, '기록'!$G:$G) -> 220.2 | E4: =SUMIF('기록'!$C:$C, $E$1, '기록'!$G:$G) -> 444.9 | F4: =SUMIF('기록'!$C:$C, $F$1, '기록'!$G:$G) -> -446.6
C6: {=TRANSPOSE('플레이어'!A1:A1007)} -> 조연 | D6: 댕댕 | E6: 고꿍 | F6: 절미 | G6: 루젼 | H6: 넥닉수 | I6: 레이 | J6: 한토 | K6: 막장 | L6: 나방 | M6: 라비 | N6: 서림 | O6: 밍밍 | P6: 게스트 | Q6: 호또 | R6: 으나 | S6: 이비 | T6: 블루 | U6: 아초 | V6: 노세 | W6: 달달 | X6: 코니 | Y6: 춘식 | Z6: 누리 | AA6: 식빵 | AB6: 카롱 | AC6: 쇼 | AD6: 촌장 | AE6: 추워 | AF6: 채또 | AG6: 물냉 | AH6: DM | AI6: 또또
A7: 총 누적 경기수 | B7: 총 경기수 | C7: =IFERROR(__xludf.DUMMYFUNCTION("IF(C$6="""", """", IFERROR(ROWS(FILTER('기록'!$A:$A, ('기록'!$D:$D=C$6) * (IF($A$2=""전체"", TRUE, (YEAR('기록'!$A:$A)&"""")=$A$2)))), 0))"),20.0) -> 20 | D7: =IFERROR(__xludf.DUMMYFUNCTION("IF(D$6="""", """", IFERROR(ROWS(FILTER('기록'!$A:$A, ('기록'!$D:$D=D$6) * (IF($A$2=""전체"", TRUE, (YEAR('기록'!$A:$A)&"""")=$A$2)))), 0))"),48.0) -> 48 | E7: =IFERROR(__xludf.DUMMYFUNCTION("IF(E$6="""", """", IFERROR(ROWS(FILTER('기록'!$A:$A, ('기록'!$D:$D=E$6) * (IF($A$2=""전체"", TRUE, (YEAR('기록'!$A:$A)&"""")=$A$2)))), 0))"),19.0) -> 19 | F7: =IFERROR(__xludf.DUMMYFUNCTION("IF(F$6="""", """", IFERROR(ROWS(FILTER('기록'!$A:$A, ('기록'!$D:$D=F$6) * (IF($A$2=""전체"", TRUE, (YEAR('기록'!$A:$A)&"""")=$A$2)))), 0))"),28.0) -> 28 | G7: =IFERROR(__xludf.DUMMYFUNCTION("IF(G$6="""", """", IFERROR(ROWS(FILTER('기록'!$A:$A, ('기록'!$D:$D=G$6) * (IF($A$2=""전체"", TRUE, (YEAR('기록'!$A:$A)&"""")=$A$2)))), 0))"),19.0) -> 19 | H7: =IFERROR(__xludf.DUMMYFUNCTION("IF(H$6="""", """", IFERROR(ROWS(FILTER('기록'!$A:$A, ('기록'!$D:$D=H$6) * (IF($A$2=""전체"", TRUE, (YEAR('기록'!$A:$A)&"""")=$A$2)))), 0))"),10.0) -> 10 | I7: =IFERROR(__xludf.DUMMYFUNCTION("IF(I$6="""", """", IFERROR(ROWS(FILTER('기록'!$A:$A, ('기록'!$D:$D=I$6) * (IF($A$2=""전체"", TRUE, (YEAR('기록'!$A:$A)&"""")=$A$2)))), 0))"),7.0) -> 7 | J7: =IFERROR(__xludf.DUMMYFUNCTION("IF(J$6="""", """", IFERROR(ROWS(FILTER('기록'!$A:$A, ('기록'!$D:$D=J$6) * (IF($A$2=""전체"", TRUE, (YEAR('기록'!$A:$A)&"""")=$A$2)))), 0))"),0.0) -> 0 | K7: =IFERROR(__xludf.DUMMYFUNCTION("IF(K$6="""", """", IFERROR(ROWS(FILTER('기록'!$A:$A, ('기록'!$D:$D=K$6) * (IF($A$2=""전체"", TRUE, (YEAR('기록'!$A:$A)&"""")=$A$2)))), 0))"),7.0) -> 7 | L7: =IFERROR(__xludf.DUMMYFUNCTION("IF(L$6="""", """", IFERROR(ROWS(FILTER('기록'!$A:$A, ('기록'!$D:$D=L$6) * (IF($A$2=""전체"", TRUE, (YEAR('기록'!$A:$A)&"""")=$A$2)))), 0))"),17.0) -> 17 | M7: =IFERROR(__xludf.DUMMYFUNCTION("IF(M$6="""", """", IFERROR(ROWS(FILTER('기록'!$A:$A, ('기록'!$D:$D=M$6) * (IF($A$2=""전체"", TRUE, (YEAR('기록'!$A:$A)&"""")=$A$2)))), 0))"),37.0) -> 37 | N7: =IFERROR(__xludf.DUMMYFUNCTION("IF(N$6="""", """", IFERROR(ROWS(FILTER('기록'!$A:$A, ('기록'!$D:$D=N$6) * (IF($A$2=""전체"", TRUE, (YEAR('기록'!$A:$A)&"""")=$A$2)))), 0))"),0.0) -> 0 | O7: =IFERROR(__xludf.DUMMYFUNCTION("IF(O$6="""", """", IFERROR(ROWS(FILTER('기록'!$A:$A, ('기록'!$D:$D=O$6) * (IF($A$2=""전체"", TRUE, (YEAR('기록'!$A:$A)&"""")=$A$2)))), 0))"),5.0) -> 5 | P7: =IFERROR(__xludf.DUMMYFUNCTION("IF(P$6="""", """", IFERROR(ROWS(FILTER('기록'!$A:$A, ('기록'!$D:$D=P$6) * (IF($A$2=""전체"", TRUE, (YEAR('기록'!$A:$A)&"""")=$A$2)))), 0))"),0.0) -> 0 | Q7: =IFERROR(__xludf.DUMMYFUNCTION("IF(Q$6="""", """", IFERROR(ROWS(FILTER('기록'!$A:$A, ('기록'!$D:$D=Q$6) * (IF($A$2=""전체"", TRUE, (YEAR('기록'!$A:$A)&"""")=$A$2)))), 0))"),0.0) -> 0 | R7: =IFERROR(__xludf.DUMMYFUNCTION("IF(R$6="""", """", IFERROR(ROWS(FILTER('기록'!$A:$A, ('기록'!$D:$D=R$6) * (IF($A$2=""전체"", TRUE, (YEAR('기록'!$A:$A)&"""")=$A$2)))), 0))"),0.0) -> 0 | S7: =IFERROR(__xludf.DUMMYFUNCTION("IF(S$6="""", """", IFERROR(ROWS(FILTER('기록'!$A:$A, ('기록'!$D:$D=S$6) * (IF($A$2=""전체"", TRUE, (YEAR('기록'!$A:$A)&"""")=$A$2)))), 0))"),0.0) -> 0 | T7: =IFERROR(__xludf.DUMMYFUNCTION("IF(T$6="""", """", IFERROR(ROWS(FILTER('기록'!$A:$A, ('기록'!$D:$D=T$6) * (IF($A$2=""전체"", TRUE, (YEAR('기록'!$A:$A)&"""")=$A$2)))), 0))"),0.0) -> 0 | U7: =IFERROR(__xludf.DUMMYFUNCTION("IF(U$6="""", """", IFERROR(ROWS(FILTER('기록'!$A:$A, ('기록'!$D:$D=U$6) * (IF($A$2=""전체"", TRUE, (YEAR('기록'!$A:$A)&"""")=$A$2)))), 0))"),0.0) -> 0 | V7: =IFERROR(__xludf.DUMMYFUNCTION("IF(V$6="""", """", IFERROR(ROWS(FILTER('기록'!$A:$A, ('기록'!$D:$D=V$6) * (IF($A$2=""전체"", TRUE, (YEAR('기록'!$A:$A)&"""")=$A$2)))), 0))"),12.0) -> 12 | W7: =IFERROR(__xludf.DUMMYFUNCTION("IF(W$6="""", """", IFERROR(ROWS(FILTER('기록'!$A:$A, ('기록'!$D:$D=W$6) * (IF($A$2=""전체"", TRUE, (YEAR('기록'!$A:$A)&"""")=$A$2)))), 0))"),0.0) -> 0 | X7: =IFERROR(__xludf.DUMMYFUNCTION("IF(X$6="""", """", IFERROR(ROWS(FILTER('기록'!$A:$A, ('기록'!$D:$D=X$6) * (IF($A$2=""전체"", TRUE, (YEAR('기록'!$A:$A)&"""")=$A$2)))), 0))"),0.0) -> 0 | Y7: =IFERROR(__xludf.DUMMYFUNCTION("IF(Y$6="""", """", IFERROR(ROWS(FILTER('기록'!$A:$A, ('기록'!$D:$D=Y$6) * (IF($A$2=""전체"", TRUE, (YEAR('기록'!$A:$A)&"""")=$A$2)))), 0))"),0.0) -> 0 | Z7: =IFERROR(__xludf.DUMMYFUNCTION("IF(Z$6="""", """", IFERROR(ROWS(FILTER('기록'!$A:$A, ('기록'!$D:$D=Z$6) * (IF($A$2=""전체"", TRUE, (YEAR('기록'!$A:$A)&"""")=$A$2)))), 0))"),0.0) -> 0 | AA7: =IFERROR(__xludf.DUMMYFUNCTION("IF(AA$6="""", """", IFERROR(ROWS(FILTER('기록'!$A:$A, ('기록'!$D:$D=AA$6) * (IF($A$2=""전체"", TRUE, (YEAR('기록'!$A:$A)&"""")=$A$2)))), 0))"),0.0) -> 0 | AB7: =IFERROR(__xludf.DUMMYFUNCTION("IF(AB$6="""", """", IFERROR(ROWS(FILTER('기록'!$A:$A, ('기록'!$D:$D=AB$6) * (IF($A$2=""전체"", TRUE, (YEAR('기록'!$A:$A)&"""")=$A$2)))), 0))"),0.0) -> 0 | AC7: =IFERROR(__xludf.DUMMYFUNCTION("IF(AC$6="""", """", IFERROR(ROWS(FILTER('기록'!$A:$A, ('기록'!$D:$D=AC$6) * (IF($A$2=""전체"", TRUE, (YEAR('기록'!$A:$A)&"""")=$A$2)))), 0))"),9.0) -> 9 | AD7: =IFERROR(__xludf.DUMMYFUNCTION("IF(AD$6="""", """", IFERROR(ROWS(FILTER('기록'!$A:$A, ('기록'!$D:$D=AD$6) * (IF($A$2=""전체"", TRUE, (YEAR('기록'!$A:$A)&"""")=$A$2)))), 0))"),0.0) -> 0 | AE7: =IFERROR(__xludf.DUMMYFUNCTION("IF(AE$6="""", """", IFERROR(ROWS(FILTER('기록'!$A:$A, ('기록'!$D:$D=AE$6) * (IF($A$2=""전체"", TRUE, (YEAR('기록'!$A:$A)&"""")=$A$2)))), 0))"),0.0) -> 0 | AF7: =IFERROR(__xludf.DUMMYFUNCTION("IF(AF$6="""", """", IFERROR(ROWS(FILTER('기록'!$A:$A, ('기록'!$D:$D=AF$6) * (IF($A$2=""전체"", TRUE, (YEAR('기록'!$A:$A)&"""")=$A$2)))), 0))"),0.0) -> 0 | AG7: =IFERROR(__xludf.DUMMYFUNCTION("IF(AG$6="""", """", IFERROR(ROWS(FILTER('기록'!$A:$A, ('기록'!$D:$D=AG$6) * (IF($A$2=""전체"", TRUE, (YEAR('기록'!$A:$A)&"""")=$A$2)))), 0))"),8.0) -> 8 | AH7: =IFERROR(__xludf.DUMMYFUNCTION("IF(AH$6="""", """", IFERROR(ROWS(FILTER('기록'!$A:$A, ('기록'!$D:$D=AH$6) * (IF($A$2=""전체"", TRUE, (YEAR('기록'!$A:$A)&"""")=$A$2)))), 0))"),12.0) -> 12 | AI7: =IFERROR(__xludf.DUMMYFUNCTION("IF(AI$6="""", """", IFERROR(ROWS(FILTER('기록'!$A:$A, ('기록'!$D:$D=AI$6) * (IF($A$2=""전체"", TRUE, (YEAR('기록'!$A:$A)&"""")=$A$2)))), 0))"),6.0) -> 6
A8: =MAX('기록'!B:B) -> 253 | B8: 1위율 | C8: =IFERROR(__xludf.DUMMYFUNCTION("IF(C$6="""", """", IFERROR(ROWS(FILTER('기록'!$F:$F, ('기록'!$D:$D=C$6) * ('기록'!$F:$F=1) * (IF($A$2=""전체"", TRUE, (YEAR('기록'!$A:$A)&"""")=$A$2)))) / C$7, ""-""))"),0.2) -> 0.2 | D8: =IFERROR(__xludf.DUMMYFUNCTION("IF(D$6="""", """", IFERROR(ROWS(FILTER('기록'!$F:$F, ('기록'!$D:$D=D$6) * ('기록'!$F:$F=1) * (IF($A$2=""전체"", TRUE, (YEAR('기록'!$A:$A)&"""")=$A$2)))) / D$7, ""-""))"),0.3333333333333333) -> 0.33333333 | E8: =IFERROR(__xludf.DUMMYFUNCTION("IF(E$6="""", """", IFERROR(ROWS(FILTER('기록'!$F:$F, ('기록'!$D:$D=E$6) * ('기록'!$F:$F=1) * (IF($A$2=""전체"", TRUE, (YEAR('기록'!$A:$A)&"""")=$A$2)))) / E$7, ""-""))"),0.2631578947368421) -> 0.26315789 | F8: =IFERROR(__xludf.DUMMYFUNCTION("IF(F$6="""", """", IFERROR(ROWS(FILTER('기록'!$F:$F, ('기록'!$D:$D=F$6) * ('기록'!$F:$F=1) * (IF($A$2=""전체"", TRUE, (YEAR('기록'!$A:$A)&"""")=$A$2)))) / F$7, ""-""))"),0.17857142857142858) -> 0.17857143 | G8: =IFERROR(__xludf.DUMMYFUNCTION("IF(G$6="""", """", IFERROR(ROWS(FILTER('기록'!$F:$F, ('기록'!$D:$D=G$6) * ('기록'!$F:$F=1) * (IF($A$2=""전체"", TRUE, (YEAR('기록'!$A:$A)&"""")=$A$2)))) / G$7, ""-""))"),0.10526315789473684) -> 0.10526316 | H8: =IFERROR(__xludf.DUMMYFUNCTION("IF(H$6="""", """", IFERROR(ROWS(FILTER('기록'!$F:$F, ('기록'!$D:$D=H$6) * ('기록'!$F:$F=1) * (IF($A$2=""전체"", TRUE, (YEAR('기록'!$A:$A)&"""")=$A$2)))) / H$7, ""-""))"),0.2) -> 0.2 | I8: =IFERROR(__xludf.DUMMYFUNCTION("IF(I$6="""", """", IFERROR(ROWS(FILTER('기록'!$F:$F, ('기록'!$D:$D=I$6) * ('기록'!$F:$F=1) * (IF($A$2=""전체"", TRUE, (YEAR('기록'!$A:$A)&"""")=$A$2)))) / I$7, ""-""))"),0.42857142857142855) -> 0.42857143 | J8: =IFERROR(__xludf.DUMMYFUNCTION("IF(J$6="""", """", IFERROR(ROWS(FILTER('기록'!$F:$F, ('기록'!$D:$D=J$6) * ('기록'!$F:$F=1) * (IF($A$2=""전체"", TRUE, (YEAR('기록'!$A:$A)&"""")=$A$2)))) / J$7, ""-""))"),"-") -> - | K8: =IFERROR(__xludf.DUMMYFUNCTION("IF(K$6="""", """", IFERROR(ROWS(FILTER('기록'!$F:$F, ('기록'!$D:$D=K$6) * ('기록'!$F:$F=1) * (IF($A$2=""전체"", TRUE, (YEAR('기록'!$A:$A)&"""")=$A$2)))) / K$7, ""-""))"),0.2857142857142857) -> 0.28571429 | L8: =IFERROR(__xludf.DUMMYFUNCTION("IF(L$6="""", """", IFERROR(ROWS(FILTER('기록'!$F:$F, ('기록'!$D:$D=L$6) * ('기록'!$F:$F=1) * (IF($A$2=""전체"", TRUE, (YEAR('기록'!$A:$A)&"""")=$A$2)))) / L$7, ""-""))"),0.4117647058823529) -> 0.41176471 | M8: =IFERROR(__xludf.DUMMYFUNCTION("IF(M$6="""", """", IFERROR(ROWS(FILTER('기록'!$F:$F, ('기록'!$D:$D=M$6) * ('기록'!$F:$F=1) * (IF($A$2=""전체"", TRUE, (YEAR('기록'!$A:$A)&"""")=$A$2)))) / M$7, ""-""))"),0.35135135135135137) -> 0.35135135 | N8: =IFERROR(__xludf.DUMMYFUNCTION("IF(N$6="""", """", IFERROR(ROWS(FILTER('기록'!$F:$F, ('기록'!$D:$D=N$6) * ('기록'!$F:$F=1) * (IF($A$2=""전체"", TRUE, (YEAR('기록'!$A:$A)&"""")=$A$2)))) / N$7, ""-""))"),"-") -> - | O8: =IFERROR(__xludf.DUMMYFUNCTION("IF(O$6="""", """", IFERROR(ROWS(FILTER('기록'!$F:$F, ('기록'!$D:$D=O$6) * ('기록'!$F:$F=1) * (IF($A$2=""전체"", TRUE, (YEAR('기록'!$A:$A)&"""")=$A$2)))) / O$7, ""-""))"),"-") -> - | P8: =IFERROR(__xludf.DUMMYFUNCTION("IF(P$6="""", """", IFERROR(ROWS(FILTER('기록'!$F:$F, ('기록'!$D:$D=P$6) * ('기록'!$F:$F=1) * (IF($A$2=""전체"", TRUE, (YEAR('기록'!$A:$A)&"""")=$A$2)))) / P$7, ""-""))"),"-") -> - | Q8: =IFERROR(__xludf.DUMMYFUNCTION("IF(Q$6="""", """", IFERROR(ROWS(FILTER('기록'!$F:$F, ('기록'!$D:$D=Q$6) * ('기록'!$F:$F=1) * (IF($A$2=""전체"", TRUE, (YEAR('기록'!$A:$A)&"""")=$A$2)))) / Q$7, ""-""))"),"-") -> - | R8: =IFERROR(__xludf.DUMMYFUNCTION("IF(R$6="""", """", IFERROR(ROWS(FILTER('기록'!$F:$F, ('기록'!$D:$D=R$6) * ('기록'!$F:$F=1) * (IF($A$2=""전체"", TRUE, (YEAR('기록'!$A:$A)&"""")=$A$2)))) / R$7, ""-""))"),"-") -> - | S8: =IFERROR(__xludf.DUMMYFUNCTION("IF(S$6="""", """", IFERROR(ROWS(FILTER('기록'!$F:$F, ('기록'!$D:$D=S$6) * ('기록'!$F:$F=1) * (IF($A$2=""전체"", TRUE, (YEAR('기록'!$A:$A)&"""")=$A$2)))) / S$7, ""-""))"),"-") -> - | T8: =IFERROR(__xludf.DUMMYFUNCTION("IF(T$6="""", """", IFERROR(ROWS(FILTER('기록'!$F:$F, ('기록'!$D:$D=T$6) * ('기록'!$F:$F=1) * (IF($A$2=""전체"", TRUE, (YEAR('기록'!$A:$A)&"""")=$A$2)))) / T$7, ""-""))"),"-") -> - | U8: =IFERROR(__xludf.DUMMYFUNCTION("IF(U$6="""", """", IFERROR(ROWS(FILTER('기록'!$F:$F, ('기록'!$D:$D=U$6) * ('기록'!$F:$F=1) * (IF($A$2=""전체"", TRUE, (YEAR('기록'!$A:$A)&"""")=$A$2)))) / U$7, ""-""))"),"-") -> - | V8: =IFERROR(__xludf.DUMMYFUNCTION("IF(V$6="""", """", IFERROR(ROWS(FILTER('기록'!$F:$F, ('기록'!$D:$D=V$6) * ('기록'!$F:$F=1) * (IF($A$2=""전체"", TRUE, (YEAR('기록'!$A:$A)&"""")=$A$2)))) / V$7, ""-""))"),0.16666666666666666) -> 0.16666667 | W8: =IFERROR(__xludf.DUMMYFUNCTION("IF(W$6="""", """", IFERROR(ROWS(FILTER('기록'!$F:$F, ('기록'!$D:$D=W$6) * ('기록'!$F:$F=1) * (IF($A$2=""전체"", TRUE, (YEAR('기록'!$A:$A)&"""")=$A$2)))) / W$7, ""-""))"),"-") -> - | X8: =IFERROR(__xludf.DUMMYFUNCTION("IF(X$6="""", """", IFERROR(ROWS(FILTER('기록'!$F:$F, ('기록'!$D:$D=X$6) * ('기록'!$F:$F=1) * (IF($A$2=""전체"", TRUE, (YEAR('기록'!$A:$A)&"""")=$A$2)))) / X$7, ""-""))"),"-") -> - | Y8: =IFERROR(__xludf.DUMMYFUNCTION("IF(Y$6="""", """", IFERROR(ROWS(FILTER('기록'!$F:$F, ('기록'!$D:$D=Y$6) * ('기록'!$F:$F=1) * (IF($A$2=""전체"", TRUE, (YEAR('기록'!$A:$A)&"""")=$A$2)))) / Y$7, ""-""))"),"-") -> - | Z8: =IFERROR(__xludf.DUMMYFUNCTION("IF(Z$6="""", """", IFERROR(ROWS(FILTER('기록'!$F:$F, ('기록'!$D:$D=Z$6) * ('기록'!$F:$F=1) * (IF($A$2=""전체"", TRUE, (YEAR('기록'!$A:$A)&"""")=$A$2)))) / Z$7, ""-""))"),"-") -> - | AA8: =IFERROR(__xludf.DUMMYFUNCTION("IF(AA$6="""", """", IFERROR(ROWS(FILTER('기록'!$F:$F, ('기록'!$D:$D=AA$6) * ('기록'!$F:$F=1) * (IF($A$2=""전체"", TRUE, (YEAR('기록'!$A:$A)&"""")=$A$2)))) / AA$7, ""-""))"),"-") -> - | AB8: =IFERROR(__xludf.DUMMYFUNCTION("IF(AB$6="""", """", IFERROR(ROWS(FILTER('기록'!$F:$F, ('기록'!$D:$D=AB$6) * ('기록'!$F:$F=1) * (IF($A$2=""전체"", TRUE, (YEAR('기록'!$A:$A)&"""")=$A$2)))) / AB$7, ""-""))"),"-") -> - | AC8: =IFERROR(__xludf.DUMMYFUNCTION("IF(AC$6="""", """", IFERROR(ROWS(FILTER('기록'!$F:$F, ('기록'!$D:$D=AC$6) * ('기록'!$F:$F=1) * (IF($A$2=""전체"", TRUE, (YEAR('기록'!$A:$A)&"""")=$A$2)))) / AC$7, ""-""))"),"-") -> - | AD8: =IFERROR(__xludf.DUMMYFUNCTION("IF(AD$6="""", """", IFERROR(ROWS(FILTER('기록'!$F:$F, ('기록'!$D:$D=AD$6) * ('기록'!$F:$F=1) * (IF($A$2=""전체"", TRUE, (YEAR('기록'!$A:$A)&"""")=$A$2)))) / AD$7, ""-""))"),"-") -> - | AE8: =IFERROR(__xludf.DUMMYFUNCTION("IF(AE$6="""", """", IFERROR(ROWS(FILTER('기록'!$F:$F, ('기록'!$D:$D=AE$6) * ('기록'!$F:$F=1) * (IF($A$2=""전체"", TRUE, (YEAR('기록'!$A:$A)&"""")=$A$2)))) / AE$7, ""-""))"),"-") -> - | AF8: =IFERROR(__xludf.DUMMYFUNCTION("IF(AF$6="""", """", IFERROR(ROWS(FILTER('기록'!$F:$F, ('기록'!$D:$D=AF$6) * ('기록'!$F:$F=1) * (IF($A$2=""전체"", TRUE, (YEAR('기록'!$A:$A)&"""")=$A$2)))) / AF$7, ""-""))"),"-") -> - | AG8: =IFERROR(__xludf.DUMMYFUNCTION("IF(AG$6="""", """", IFERROR(ROWS(FILTER('기록'!$F:$F, ('기록'!$D:$D=AG$6) * ('기록'!$F:$F=1) * (IF($A$2=""전체"", TRUE, (YEAR('기록'!$A:$A)&"""")=$A$2)))) / AG$7, ""-""))"),0.25) -> 0.25 | AH8: =IFERROR(__xludf.DUMMYFUNCTION("IF(AH$6="""", """", IFERROR(ROWS(FILTER('기록'!$F:$F, ('기록'!$D:$D=AH$6) * ('기록'!$F:$F=1) * (IF($A$2=""전체"", TRUE, (YEAR('기록'!$A:$A)&"""")=$A$2)))) / AH$7, ""-""))"),0.08333333333333333) -> 0.083333333 | AI8: =IFERROR(__xludf.DUMMYFUNCTION("IF(AI$6="""", """", IFERROR(ROWS(FILTER('기록'!$F:$F, ('기록'!$D:$D=AI$6) * ('기록'!$F:$F=1) * (IF($A$2=""전체"", TRUE, (YEAR('기록'!$A:$A)&"""")=$A$2)))) / AI$7, ""-""))"),0.3333333333333333) -> 0.33333333
B9: 2위율 | C9: =IFERROR(__xludf.DUMMYFUNCTION("IF(C$6="""", """", IFERROR(ROWS(FILTER('기록'!$F:$F, ('기록'!$D:$D=C$6) * ('기록'!$F:$F=2) * (IF($A$2=""전체"", TRUE, (YEAR('기록'!$A:$A)&"""")=$A$2)))) / C$7, ""-""))"),0.35) -> 0.35 | D9: =IFERROR(__xludf.DUMMYFUNCTION("IF(D$6="""", """", IFERROR(ROWS(FILTER('기록'!$F:$F, ('기록'!$D:$D=D$6) * ('기록'!$F:$F=2) * (IF($A$2=""전체"", TRUE, (YEAR('기록'!$A:$A)&"""")=$A$2)))) / D$7, ""-""))"),0.25) -> 0.25 | E9: =IFERROR(__xludf.DUMMYFUNCTION("IF(E$6="""", """", IFERROR(ROWS(FILTER('기록'!$F:$F, ('기록'!$D:$D=E$6) * ('기록'!$F:$F=2) * (IF($A$2=""전체"", TRUE, (YEAR('기록'!$A:$A)&"""")=$A$2)))) / E$7, ""-""))"),0.21052631578947367) -> 0.21052632 | F9: =IFERROR(__xludf.DUMMYFUNCTION("IF(F$6="""", """", IFERROR(ROWS(FILTER('기록'!$F:$F, ('기록'!$D:$D=F$6) * ('기록'!$F:$F=2) * (IF($A$2=""전체"", TRUE, (YEAR('기록'!$A:$A)&"""")=$A$2)))) / F$7, ""-""))"),0.25) -> 0.25 | G9: =IFERROR(__xludf.DUMMYFUNCTION("IF(G$6="""", """", IFERROR(ROWS(FILTER('기록'!$F:$F, ('기록'!$D:$D=G$6) * ('기록'!$F:$F=2) * (IF($A$2=""전체"", TRUE, (YEAR('기록'!$A:$A)&"""")=$A$2)))) / G$7, ""-""))"),0.42105263157894735) -> 0.42105263 | H9: =IFERROR(__xludf.DUMMYFUNCTION("IF(H$6="""", """", IFERROR(ROWS(FILTER('기록'!$F:$F, ('기록'!$D:$D=H$6) * ('기록'!$F:$F=2) * (IF($A$2=""전체"", TRUE, (YEAR('기록'!$A:$A)&"""")=$A$2)))) / H$7, ""-""))"),0.2) -> 0.2 | I9: =IFERROR(__xludf.DUMMYFUNCTION("IF(I$6="""", """", IFERROR(ROWS(FILTER('기록'!$F:$F, ('기록'!$D:$D=I$6) * ('기록'!$F:$F=2) * (IF($A$2=""전체"", TRUE, (YEAR('기록'!$A:$A)&"""")=$A$2)))) / I$7, ""-""))"),"-") -> - | J9: =IFERROR(__xludf.DUMMYFUNCTION("IF(J$6="""", """", IFERROR(ROWS(FILTER('기록'!$F:$F, ('기록'!$D:$D=J$6) * ('기록'!$F:$F=2) * (IF($A$2=""전체"", TRUE, (YEAR('기록'!$A:$A)&"""")=$A$2)))) / J$7, ""-""))"),"-") -> - | K9: =IFERROR(__xludf.DUMMYFUNCTION("IF(K$6="""", """", IFERROR(ROWS(FILTER('기록'!$F:$F, ('기록'!$D:$D=K$6) * ('기록'!$F:$F=2) * (IF($A$2=""전체"", TRUE, (YEAR('기록'!$A:$A)&"""")=$A$2)))) / K$7, ""-""))"),0.2857142857142857) -> 0.28571429 | L9: =IFERROR(__xludf.DUMMYFUNCTION("IF(L$6="""", """", IFERROR(ROWS(FILTER('기록'!$F:$F, ('기록'!$D:$D=L$6) * ('기록'!$F:$F=2) * (IF($A$2=""전체"", TRUE, (YEAR('기록'!$A:$A)&"""")=$A$2)))) / L$7, ""-""))"),0.17647058823529413) -> 0.17647059 | M9: =IFERROR(__xludf.DUMMYFUNCTION("IF(M$6="""", """", IFERROR(ROWS(FILTER('기록'!$F:$F, ('기록'!$D:$D=M$6) * ('기록'!$F:$F=2) * (IF($A$2=""전체"", TRUE, (YEAR('기록'!$A:$A)&"""")=$A$2)))) / M$7, ""-""))"),0.24324324324324326) -> 0.24324324 | N9: =IFERROR(__xludf.DUMMYFUNCTION("IF(N$6="""", """", IFERROR(ROWS(FILTER('기록'!$F:$F, ('기록'!$D:$D=N$6) * ('기록'!$F:$F=2) * (IF($A$2=""전체"", TRUE, (YEAR('기록'!$A:$A)&"""")=$A$2)))) / N$7, ""-""))"),"-") -> - | O9: =IFERROR(__xludf.DUMMYFUNCTION("IF(O$6="""", """", IFERROR(ROWS(FILTER('기록'!$F:$F, ('기록'!$D:$D=O$6) * ('기록'!$F:$F=2) * (IF($A$2=""전체"", TRUE, (YEAR('기록'!$A:$A)&"""")=$A$2)))) / O$7, ""-""))"),0.2) -> 0.2 | P9: =IFERROR(__xludf.DUMMYFUNCTION("IF(P$6="""", """", IFERROR(ROWS(FILTER('기록'!$F:$F, ('기록'!$D:$D=P$6) * ('기록'!$F:$F=2) * (IF($A$2=""전체"", TRUE, (YEAR('기록'!$A:$A)&"""")=$A$2)))) / P$7, ""-""))"),"-") -> - | Q9: =IFERROR(__xludf.DUMMYFUNCTION("IF(Q$6="""", """", IFERROR(ROWS(FILTER('기록'!$F:$F, ('기록'!$D:$D=Q$6) * ('기록'!$F:$F=2) * (IF($A$2=""전체"", TRUE, (YEAR('기록'!$A:$A)&"""")=$A$2)))) / Q$7, ""-""))"),"-") -> - | R9: =IFERROR(__xludf.DUMMYFUNCTION("IF(R$6="""", """", IFERROR(ROWS(FILTER('기록'!$F:$F, ('기록'!$D:$D=R$6) * ('기록'!$F:$F=2) * (IF($A$2=""전체"", TRUE, (YEAR('기록'!$A:$A)&"""")=$A$2)))) / R$7, ""-""))"),"-") -> - | S9: =IFERROR(__xludf.DUMMYFUNCTION("IF(S$6="""", """", IFERROR(ROWS(FILTER('기록'!$F:$F, ('기록'!$D:$D=S$6) * ('기록'!$F:$F=2) * (IF($A$2=""전체"", TRUE, (YEAR('기록'!$A:$A)&"""")=$A$2)))) / S$7, ""-""))"),"-") -> - | T9: =IFERROR(__xludf.DUMMYFUNCTION("IF(T$6="""", """", IFERROR(ROWS(FILTER('기록'!$F:$F, ('기록'!$D:$D=T$6) * ('기록'!$F:$F=2) * (IF($A$2=""전체"", TRUE, (YEAR('기록'!$A:$A)&"""")=$A$2)))) / T$7, ""-""))"),"-") -> - | U9: =IFERROR(__xludf.DUMMYFUNCTION("IF(U$6="""", """", IFERROR(ROWS(FILTER('기록'!$F:$F, ('기록'!$D:$D=U$6) * ('기록'!$F:$F=2) * (IF($A$2=""전체"", TRUE, (YEAR('기록'!$A:$A)&"""")=$A$2)))) / U$7, ""-""))"),"-") -> - | V9: =IFERROR(__xludf.DUMMYFUNCTION("IF(V$6="""", """", IFERROR(ROWS(FILTER('기록'!$F:$F, ('기록'!$D:$D=V$6) * ('기록'!$F:$F=2) * (IF($A$2=""전체"", TRUE, (YEAR('기록'!$A:$A)&"""")=$A$2)))) / V$7, ""-""))"),0.25) -> 0.25 | W9: =IFERROR(__xludf.DUMMYFUNCTION("IF(W$6="""", """", IFERROR(ROWS(FILTER('기록'!$F:$F, ('기록'!$D:$D=W$6) * ('기록'!$F:$F=2) * (IF($A$2=""전체"", TRUE, (YEAR('기록'!$A:$A)&"""")=$A$2)))) / W$7, ""-""))"),"-") -> - | X9: =IFERROR(__xludf.DUMMYFUNCTION("IF(X$6="""", """", IFERROR(ROWS(FILTER('기록'!$F:$F, ('기록'!$D:$D=X$6) * ('기록'!$F:$F=2) * (IF($A$2=""전체"", TRUE, (YEAR('기록'!$A:$A)&"""")=$A$2)))) / X$7, ""-""))"),"-") -> - | Y9: =IFERROR(__xludf.DUMMYFUNCTION("IF(Y$6="""", """", IFERROR(ROWS(FILTER('기록'!$F:$F, ('기록'!$D:$D=Y$6) * ('기록'!$F:$F=2) * (IF($A$2=""전체"", TRUE, (YEAR('기록'!$A:$A)&"""")=$A$2)))) / Y$7, ""-""))"),"-") -> - | Z9: =IFERROR(__xludf.DUMMYFUNCTION("IF(Z$6="""", """", IFERROR(ROWS(FILTER('기록'!$F:$F, ('기록'!$D:$D=Z$6) * ('기록'!$F:$F=2) * (IF($A$2=""전체"", TRUE, (YEAR('기록'!$A:$A)&"""")=$A$2)))) / Z$7, ""-""))"),"-") -> - | AA9: =IFERROR(__xludf.DUMMYFUNCTION("IF(AA$6="""", """", IFERROR(ROWS(FILTER('기록'!$F:$F, ('기록'!$D:$D=AA$6) * ('기록'!$F:$F=2) * (IF($A$2=""전체"", TRUE, (YEAR('기록'!$A:$A)&"""")=$A$2)))) / AA$7, ""-""))"),"-") -> - | AB9: =IFERROR(__xludf.DUMMYFUNCTION("IF(AB$6="""", """", IFERROR(ROWS(FILTER('기록'!$F:$F, ('기록'!$D:$D=AB$6) * ('기록'!$F:$F=2) * (IF($A$2=""전체"", TRUE, (YEAR('기록'!$A:$A)&"""")=$A$2)))) / AB$7, ""-""))"),"-") -> - | AC9: =IFERROR(__xludf.DUMMYFUNCTION("IF(AC$6="""", """", IFERROR(ROWS(FILTER('기록'!$F:$F, ('기록'!$D:$D=AC$6) * ('기록'!$F:$F=2) * (IF($A$2=""전체"", TRUE, (YEAR('기록'!$A:$A)&"""")=$A$2)))) / AC$7, ""-""))"),0.2222222222222222) -> 0.22222222 | AD9: =IFERROR(__xludf.DUMMYFUNCTION("IF(AD$6="""", """", IFERROR(ROWS(FILTER('기록'!$F:$F, ('기록'!$D:$D=AD$6) * ('기록'!$F:$F=2) * (IF($A$2=""전체"", TRUE, (YEAR('기록'!$A:$A)&"""")=$A$2)))) / AD$7, ""-""))"),"-") -> - | AE9: =IFERROR(__xludf.DUMMYFUNCTION("IF(AE$6="""", """", IFERROR(ROWS(FILTER('기록'!$F:$F, ('기록'!$D:$D=AE$6) * ('기록'!$F:$F=2) * (IF($A$2=""전체"", TRUE, (YEAR('기록'!$A:$A)&"""")=$A$2)))) / AE$7, ""-""))"),"-") -> - | AF9: =IFERROR(__xludf.DUMMYFUNCTION("IF(AF$6="""", """", IFERROR(ROWS(FILTER('기록'!$F:$F, ('기록'!$D:$D=AF$6) * ('기록'!$F:$F=2) * (IF($A$2=""전체"", TRUE, (YEAR('기록'!$A:$A)&"""")=$A$2)))) / AF$7, ""-""))"),"-") -> - | AG9: =IFERROR(__xludf.DUMMYFUNCTION("IF(AG$6="""", """", IFERROR(ROWS(FILTER('기록'!$F:$F, ('기록'!$D:$D=AG$6) * ('기록'!$F:$F=2) * (IF($A$2=""전체"", TRUE, (YEAR('기록'!$A:$A)&"""")=$A$2)))) / AG$7, ""-""))"),0.25) -> 0.25 | AH9: =IFERROR(__xludf.DUMMYFUNCTION("IF(AH$6="""", """", IFERROR(ROWS(FILTER('기록'!$F:$F, ('기록'!$D:$D=AH$6) * ('기록'!$F:$F=2) * (IF($A$2=""전체"", TRUE, (YEAR('기록'!$A:$A)&"""")=$A$2)))) / AH$7, ""-""))"),0.3333333333333333) -> 0.33333333 | AI9: =IFERROR(__xludf.DUMMYFUNCTION("IF(AI$6="""", """", IFERROR(ROWS(FILTER('기록'!$F:$F, ('기록'!$D:$D=AI$6) * ('기록'!$F:$F=2) * (IF($A$2=""전체"", TRUE, (YEAR('기록'!$A:$A)&"""")=$A$2)))) / AI$7, ""-""))"),"-") -> -
B10: 3위율 | C10: =IFERROR(__xludf.DUMMYFUNCTION("IF(C$6="""", """", IFERROR(ROWS(FILTER('기록'!$F:$F, ('기록'!$D:$D=C$6) * ('기록'!$F:$F=3) * (IF($A$2=""전체"", TRUE, (YEAR('기록'!$A:$A)&"""")=$A$2)))) / C$7, ""-""))"),0.15) -> 0.15 | D10: =IFERROR(__xludf.DUMMYFUNCTION("IF(D$6="""", """", IFERROR(ROWS(FILTER('기록'!$F:$F, ('기록'!$D:$D=D$6) * ('기록'!$F:$F=3) * (IF($A$2=""전체"", TRUE, (YEAR('기록'!$A:$A)&"""")=$A$2)))) / D$7, ""-""))"),0.3333333333333333) -> 0.33333333 | E10: =IFERROR(__xludf.DUMMYFUNCTION("IF(E$6="""", """", IFERROR(ROWS(FILTER('기록'!$F:$F, ('기록'!$D:$D=E$6) * ('기록'!$F:$F=3) * (IF($A$2=""전체"", TRUE, (YEAR('기록'!$A:$A)&"""")=$A$2)))) / E$7, ""-""))"),0.10526315789473684) -> 0.10526316 | F10: =IFERROR(__xludf.DUMMYFUNCTION("IF(F$6="""", """", IFERROR(ROWS(FILTER('기록'!$F:$F, ('기록'!$D:$D=F$6) * ('기록'!$F:$F=3) * (IF($A$2=""전체"", TRUE, (YEAR('기록'!$A:$A)&"""")=$A$2)))) / F$7, ""-""))"),0.21428571428571427) -> 0.21428571 | G10: =IFERROR(__xludf.DUMMYFUNCTION("IF(G$6="""", """", IFERROR(ROWS(FILTER('기록'!$F:$F, ('기록'!$D:$D=G$6) * ('기록'!$F:$F=3) * (IF($A$2=""전체"", TRUE, (YEAR('기록'!$A:$A)&"""")=$A$2)))) / G$7, ""-""))"),0.21052631578947367) -> 0.21052632 | H10: =IFERROR(__xludf.DUMMYFUNCTION("IF(H$6="""", """", IFERROR(ROWS(FILTER('기록'!$F:$F, ('기록'!$D:$D=H$6) * ('기록'!$F:$F=3) * (IF($A$2=""전체"", TRUE, (YEAR('기록'!$A:$A)&"""")=$A$2)))) / H$7, ""-""))"),0.3) -> 0.3 | I10: =IFERROR(__xludf.DUMMYFUNCTION("IF(I$6="""", """", IFERROR(ROWS(FILTER('기록'!$F:$F, ('기록'!$D:$D=I$6) * ('기록'!$F:$F=3) * (IF($A$2=""전체"", TRUE, (YEAR('기록'!$A:$A)&"""")=$A$2)))) / I$7, ""-""))"),0.42857142857142855) -> 0.42857143 | J10: =IFERROR(__xludf.DUMMYFUNCTION("IF(J$6="""", """", IFERROR(ROWS(FILTER('기록'!$F:$F, ('기록'!$D:$D=J$6) * ('기록'!$F:$F=3) * (IF($A$2=""전체"", TRUE, (YEAR('기록'!$A:$A)&"""")=$A$2)))) / J$7, ""-""))"),"-") -> - | K10: =IFERROR(__xludf.DUMMYFUNCTION("IF(K$6="""", """", IFERROR(ROWS(FILTER('기록'!$F:$F, ('기록'!$D:$D=K$6) * ('기록'!$F:$F=3) * (IF($A$2=""전체"", TRUE, (YEAR('기록'!$A:$A)&"""")=$A$2)))) / K$7, ""-""))"),"-") -> - | L10: =IFERROR(__xludf.DUMMYFUNCTION("IF(L$6="""", """", IFERROR(ROWS(FILTER('기록'!$F:$F, ('기록'!$D:$D=L$6) * ('기록'!$F:$F=3) * (IF($A$2=""전체"", TRUE, (YEAR('기록'!$A:$A)&"""")=$A$2)))) / L$7, ""-""))"),0.17647058823529413) -> 0.17647059 | M10: =IFERROR(__xludf.DUMMYFUNCTION("IF(M$6="""", """", IFERROR(ROWS(FILTER('기록'!$F:$F, ('기록'!$D:$D=M$6) * ('기록'!$F:$F=3) * (IF($A$2=""전체"", TRUE, (YEAR('기록'!$A:$A)&"""")=$A$2)))) / M$7, ""-""))"),0.2972972972972973) -> 0.2972973 | N10: =IFERROR(__xludf.DUMMYFUNCTION("IF(N$6="""", """", IFERROR(ROWS(FILTER('기록'!$F:$F, ('기록'!$D:$D=N$6) * ('기록'!$F:$F=3) * (IF($A$2=""전체"", TRUE, (YEAR('기록'!$A:$A)&"""")=$A$2)))) / N$7, ""-""))"),"-") -> - | O10: =IFERROR(__xludf.DUMMYFUNCTION("IF(O$6="""", """", IFERROR(ROWS(FILTER('기록'!$F:$F, ('기록'!$D:$D=O$6) * ('기록'!$F:$F=3) * (IF($A$2=""전체"", TRUE, (YEAR('기록'!$A:$A)&"""")=$A$2)))) / O$7, ""-""))"),0.2) -> 0.2 | P10: =IFERROR(__xludf.DUMMYFUNCTION("IF(P$6="""", """", IFERROR(ROWS(FILTER('기록'!$F:$F, ('기록'!$D:$D=P$6) * ('기록'!$F:$F=3) * (IF($A$2=""전체"", TRUE, (YEAR('기록'!$A:$A)&"""")=$A$2)))) / P$7, ""-""))"),"-") -> - | Q10: =IFERROR(__xludf.DUMMYFUNCTION("IF(Q$6="""", """", IFERROR(ROWS(FILTER('기록'!$F:$F, ('기록'!$D:$D=Q$6) * ('기록'!$F:$F=3) * (IF($A$2=""전체"", TRUE, (YEAR('기록'!$A:$A)&"""")=$A$2)))) / Q$7, ""-""))"),"-") -> - | R10: =IFERROR(__xludf.DUMMYFUNCTION("IF(R$6="""", """", IFERROR(ROWS(FILTER('기록'!$F:$F, ('기록'!$D:$D=R$6) * ('기록'!$F:$F=3) * (IF($A$2=""전체"", TRUE, (YEAR('기록'!$A:$A)&"""")=$A$2)))) / R$7, ""-""))"),"-") -> - | S10: =IFERROR(__xludf.DUMMYFUNCTION("IF(S$6="""", """", IFERROR(ROWS(FILTER('기록'!$F:$F, ('기록'!$D:$D=S$6) * ('기록'!$F:$F=3) * (IF($A$2=""전체"", TRUE, (YEAR('기록'!$A:$A)&"""")=$A$2)))) / S$7, ""-""))"),"-") -> - | T10: =IFERROR(__xludf.DUMMYFUNCTION("IF(T$6="""", """", IFERROR(ROWS(FILTER('기록'!$F:$F, ('기록'!$D:$D=T$6) * ('기록'!$F:$F=3) * (IF($A$2=""전체"", TRUE, (YEAR('기록'!$A:$A)&"""")=$A$2)))) / T$7, ""-""))"),"-") -> - | U10: =IFERROR(__xludf.DUMMYFUNCTION("IF(U$6="""", """", IFERROR(ROWS(FILTER('기록'!$F:$F, ('기록'!$D:$D=U$6) * ('기록'!$F:$F=3) * (IF($A$2=""전체"", TRUE, (YEAR('기록'!$A:$A)&"""")=$A$2)))) / U$7, ""-""))"),"-") -> - | V10: =IFERROR(__xludf.DUMMYFUNCTION("IF(V$6="""", """", IFERROR(ROWS(FILTER('기록'!$F:$F, ('기록'!$D:$D=V$6) * ('기록'!$F:$F=3) * (IF($A$2=""전체"", TRUE, (YEAR('기록'!$A:$A)&"""")=$A$2)))) / V$7, ""-""))"),0.4166666666666667) -> 0.41666667 | W10: =IFERROR(__xludf.DUMMYFUNCTION("IF(W$6="""", """", IFERROR(ROWS(FILTER('기록'!$F:$F, ('기록'!$D:$D=W$6) * ('기록'!$F:$F=3) * (IF($A$2=""전체"", TRUE, (YEAR('기록'!$A:$A)&"""")=$A$2)))) / W$7, ""-""))"),"-") -> - | X10: =IFERROR(__xludf.DUMMYFUNCTION("IF(X$6="""", """", IFERROR(ROWS(FILTER('기록'!$F:$F, ('기록'!$D:$D=X$6) * ('기록'!$F:$F=3) * (IF($A$2=""전체"", TRUE, (YEAR('기록'!$A:$A)&"""")=$A$2)))) / X$7, ""-""))"),"-") -> - | Y10: =IFERROR(__xludf.DUMMYFUNCTION("IF(Y$6="""", """", IFERROR(ROWS(FILTER('기록'!$F:$F, ('기록'!$D:$D=Y$6) * ('기록'!$F:$F=3) * (IF($A$2=""전체"", TRUE, (YEAR('기록'!$A:$A)&"""")=$A$2)))) / Y$7, ""-""))"),"-") -> - | Z10: =IFERROR(__xludf.DUMMYFUNCTION("IF(Z$6="""", """", IFERROR(ROWS(FILTER('기록'!$F:$F, ('기록'!$D:$D=Z$6) * ('기록'!$F:$F=3) * (IF($A$2=""전체"", TRUE, (YEAR('기록'!$A:$A)&"""")=$A$2)))) / Z$7, ""-""))"),"-") -> - | AA10: =IFERROR(__xludf.DUMMYFUNCTION("IF(AA$6="""", """", IFERROR(ROWS(FILTER('기록'!$F:$F, ('기록'!$D:$D=AA$6) * ('기록'!$F:$F=3) * (IF($A$2=""전체"", TRUE, (YEAR('기록'!$A:$A)&"""")=$A$2)))) / AA$7, ""-""))"),"-") -> - | AB10: =IFERROR(__xludf.DUMMYFUNCTION("IF(AB$6="""", """", IFERROR(ROWS(FILTER('기록'!$F:$F, ('기록'!$D:$D=AB$6) * ('기록'!$F:$F=3) * (IF($A$2=""전체"", TRUE, (YEAR('기록'!$A:$A)&"""")=$A$2)))) / AB$7, ""-""))"),"-") -> - | AC10: =IFERROR(__xludf.DUMMYFUNCTION("IF(AC$6="""", """", IFERROR(ROWS(FILTER('기록'!$F:$F, ('기록'!$D:$D=AC$6) * ('기록'!$F:$F=3) * (IF($A$2=""전체"", TRUE, (YEAR('기록'!$A:$A)&"""")=$A$2)))) / AC$7, ""-""))"),0.3333333333333333) -> 0.33333333 | AD10: =IFERROR(__xludf.DUMMYFUNCTION("IF(AD$6="""", """", IFERROR(ROWS(FILTER('기록'!$F:$F, ('기록'!$D:$D=AD$6) * ('기록'!$F:$F=3) * (IF($A$2=""전체"", TRUE, (YEAR('기록'!$A:$A)&"""")=$A$2)))) / AD$7, ""-""))"),"-") -> - | AE10: =IFERROR(__xludf.DUMMYFUNCTION("IF(AE$6="""", """", IFERROR(ROWS(FILTER('기록'!$F:$F, ('기록'!$D:$D=AE$6) * ('기록'!$F:$F=3) * (IF($A$2=""전체"", TRUE, (YEAR('기록'!$A:$A)&"""")=$A$2)))) / AE$7, ""-""))"),"-") -> - | AF10: =IFERROR(__xludf.DUMMYFUNCTION("IF(AF$6="""", """", IFERROR(ROWS(FILTER('기록'!$F:$F, ('기록'!$D:$D=AF$6) * ('기록'!$F:$F=3) * (IF($A$2=""전체"", TRUE, (YEAR('기록'!$A:$A)&"""")=$A$2)))) / AF$7, ""-""))"),"-") -> - | AG10: =IFERROR(__xludf.DUMMYFUNCTION("IF(AG$6="""", """", IFERROR(ROWS(FILTER('기록'!$F:$F, ('기록'!$D:$D=AG$6) * ('기록'!$F:$F=3) * (IF($A$2=""전체"", TRUE, (YEAR('기록'!$A:$A)&"""")=$A$2)))) / AG$7, ""-""))"),"-") -> - | AH10: =IFERROR(__xludf.DUMMYFUNCTION("IF(AH$6="""", """", IFERROR(ROWS(FILTER('기록'!$F:$F, ('기록'!$D:$D=AH$6) * ('기록'!$F:$F=3) * (IF($A$2=""전체"", TRUE, (YEAR('기록'!$A:$A)&"""")=$A$2)))) / AH$7, ""-""))"),0.3333333333333333) -> 0.33333333 | AI10: =IFERROR(__xludf.DUMMYFUNCTION("IF(AI$6="""", """", IFERROR(ROWS(FILTER('기록'!$F:$F, ('기록'!$D:$D=AI$6) * ('기록'!$F:$F=3) * (IF($A$2=""전체"", TRUE, (YEAR('기록'!$A:$A)&"""")=$A$2)))) / AI$7, ""-""))"),0.3333333333333333) -> 0.33333333
B11: 4위율 | C11: =IFERROR(__xludf.DUMMYFUNCTION("IF(C$6="""", """", IFERROR(ROWS(FILTER('기록'!$F:$F, ('기록'!$D:$D=C$6) * ('기록'!$F:$F=4) * (IF($A$2=""전체"", TRUE, (YEAR('기록'!$A:$A)&"""")=$A$2)))) / C$7, ""-""))"),0.3) -> 0.3 | D11: =IFERROR(__xludf.DUMMYFUNCTION("IF(D$6="""", """", IFERROR(ROWS(FILTER('기록'!$F:$F, ('기록'!$D:$D=D$6) * ('기록'!$F:$F=4) * (IF($A$2=""전체"", TRUE, (YEAR('기록'!$A:$A)&"""")=$A$2)))) / D$7, ""-""))"),0.08333333333333333) -> 0.083333333 | E11: =IFERROR(__xludf.DUMMYFUNCTION("IF(E$6="""", """", IFERROR(ROWS(FILTER('기록'!$F:$F, ('기록'!$D:$D=E$6) * ('기록'!$F:$F=4) * (IF($A$2=""전체"", TRUE, (YEAR('기록'!$A:$A)&"""")=$A$2)))) / E$7, ""-""))"),0.42105263157894735) -> 0.42105263 | F11: =IFERROR(__xludf.DUMMYFUNCTION("IF(F$6="""", """", IFERROR(ROWS(FILTER('기록'!$F:$F, ('기록'!$D:$D=F$6) * ('기록'!$F:$F=4) * (IF($A$2=""전체"", TRUE, (YEAR('기록'!$A:$A)&"""")=$A$2)))) / F$7, ""-""))"),0.35714285714285715) -> 0.35714286 | G11: =IFERROR(__xludf.DUMMYFUNCTION("IF(G$6="""", """", IFERROR(ROWS(FILTER('기록'!$F:$F, ('기록'!$D:$D=G$6) * ('기록'!$F:$F=4) * (IF($A$2=""전체"", TRUE, (YEAR('기록'!$A:$A)&"""")=$A$2)))) / G$7, ""-""))"),0.2631578947368421) -> 0.26315789 | H11: =IFERROR(__xludf.DUMMYFUNCTION("IF(H$6="""", """", IFERROR(ROWS(FILTER('기록'!$F:$F, ('기록'!$D:$D=H$6) * ('기록'!$F:$F=4) * (IF($A$2=""전체"", TRUE, (YEAR('기록'!$A:$A)&"""")=$A$2)))) / H$7, ""-""))"),0.3) -> 0.3 | I11: =IFERROR(__xludf.DUMMYFUNCTION("IF(I$6="""", """", IFERROR(ROWS(FILTER('기록'!$F:$F, ('기록'!$D:$D=I$6) * ('기록'!$F:$F=4) * (IF($A$2=""전체"", TRUE, (YEAR('기록'!$A:$A)&"""")=$A$2)))) / I$7, ""-""))"),0.14285714285714285) -> 0.14285714 | J11: =IFERROR(__xludf.DUMMYFUNCTION("IF(J$6="""", """", IFERROR(ROWS(FILTER('기록'!$F:$F, ('기록'!$D:$D=J$6) * ('기록'!$F:$F=4) * (IF($A$2=""전체"", TRUE, (YEAR('기록'!$A:$A)&"""")=$A$2)))) / J$7, ""-""))"),"-") -> - | K11: =IFERROR(__xludf.DUMMYFUNCTION("IF(K$6="""", """", IFERROR(ROWS(FILTER('기록'!$F:$F, ('기록'!$D:$D=K$6) * ('기록'!$F:$F=4) * (IF($A$2=""전체"", TRUE, (YEAR('기록'!$A:$A)&"""")=$A$2)))) / K$7, ""-""))"),0.42857142857142855) -> 0.42857143 | L11: =IFERROR(__xludf.DUMMYFUNCTION("IF(L$6="""", """", IFERROR(ROWS(FILTER('기록'!$F:$F, ('기록'!$D:$D=L$6) * ('기록'!$F:$F=4) * (IF($A$2=""전체"", TRUE, (YEAR('기록'!$A:$A)&"""")=$A$2)))) / L$7, ""-""))"),0.23529411764705882) -> 0.23529412 | M11: =IFERROR(__xludf.DUMMYFUNCTION("IF(M$6="""", """", IFERROR(ROWS(FILTER('기록'!$F:$F, ('기록'!$D:$D=M$6) * ('기록'!$F:$F=4) * (IF($A$2=""전체"", TRUE, (YEAR('기록'!$A:$A)&"""")=$A$2)))) / M$7, ""-""))"),0.10810810810810811) -> 0.10810811 | N11: =IFERROR(__xludf.DUMMYFUNCTION("IF(N$6="""", """", IFERROR(ROWS(FILTER('기록'!$F:$F, ('기록'!$D:$D=N$6) * ('기록'!$F:$F=4) * (IF($A$2=""전체"", TRUE, (YEAR('기록'!$A:$A)&"""")=$A$2)))) / N$7, ""-""))"),"-") -> - | O11: =IFERROR(__xludf.DUMMYFUNCTION("IF(O$6="""", """", IFERROR(ROWS(FILTER('기록'!$F:$F, ('기록'!$D:$D=O$6) * ('기록'!$F:$F=4) * (IF($A$2=""전체"", TRUE, (YEAR('기록'!$A:$A)&"""")=$A$2)))) / O$7, ""-""))"),0.6) -> 0.6 | P11: =IFERROR(__xludf.DUMMYFUNCTION("IF(P$6="""", """", IFERROR(ROWS(FILTER('기록'!$F:$F, ('기록'!$D:$D=P$6) * ('기록'!$F:$F=4) * (IF($A$2=""전체"", TRUE, (YEAR('기록'!$A:$A)&"""")=$A$2)))) / P$7, ""-""))"),"-") -> - | Q11: =IFERROR(__xludf.DUMMYFUNCTION("IF(Q$6="""", """", IFERROR(ROWS(FILTER('기록'!$F:$F, ('기록'!$D:$D=Q$6) * ('기록'!$F:$F=4) * (IF($A$2=""전체"", TRUE, (YEAR('기록'!$A:$A)&"""")=$A$2)))) / Q$7, ""-""))"),"-") -> - | R11: =IFERROR(__xludf.DUMMYFUNCTION("IF(R$6="""", """", IFERROR(ROWS(FILTER('기록'!$F:$F, ('기록'!$D:$D=R$6) * ('기록'!$F:$F=4) * (IF($A$2=""전체"", TRUE, (YEAR('기록'!$A:$A)&"""")=$A$2)))) / R$7, ""-""))"),"-") -> - | S11: =IFERROR(__xludf.DUMMYFUNCTION("IF(S$6="""", """", IFERROR(ROWS(FILTER('기록'!$F:$F, ('기록'!$D:$D=S$6) * ('기록'!$F:$F=4) * (IF($A$2=""전체"", TRUE, (YEAR('기록'!$A:$A)&"""")=$A$2)))) / S$7, ""-""))"),"-") -> - | T11: =IFERROR(__xludf.DUMMYFUNCTION("IF(T$6="""", """", IFERROR(ROWS(FILTER('기록'!$F:$F, ('기록'!$D:$D=T$6) * ('기록'!$F:$F=4) * (IF($A$2=""전체"", TRUE, (YEAR('기록'!$A:$A)&"""")=$A$2)))) / T$7, ""-""))"),"-") -> - | U11: =IFERROR(__xludf.DUMMYFUNCTION("IF(U$6="""", """", IFERROR(ROWS(FILTER('기록'!$F:$F, ('기록'!$D:$D=U$6) * ('기록'!$F:$F=4) * (IF($A$2=""전체"", TRUE, (YEAR('기록'!$A:$A)&"""")=$A$2)))) / U$7, ""-""))"),"-") -> - | V11: =IFERROR(__xludf.DUMMYFUNCTION("IF(V$6="""", """", IFERROR(ROWS(FILTER('기록'!$F:$F, ('기록'!$D:$D=V$6) * ('기록'!$F:$F=4) * (IF($A$2=""전체"", TRUE, (YEAR('기록'!$A:$A)&"""")=$A$2)))) / V$7, ""-""))"),0.16666666666666666) -> 0.16666667 | W11: =IFERROR(__xludf.DUMMYFUNCTION("IF(W$6="""", """", IFERROR(ROWS(FILTER('기록'!$F:$F, ('기록'!$D:$D=W$6) * ('기록'!$F:$F=4) * (IF($A$2=""전체"", TRUE, (YEAR('기록'!$A:$A)&"""")=$A$2)))) / W$7, ""-""))"),"-") -> - | X11: =IFERROR(__xludf.DUMMYFUNCTION("IF(X$6="""", """", IFERROR(ROWS(FILTER('기록'!$F:$F, ('기록'!$D:$D=X$6) * ('기록'!$F:$F=4) * (IF($A$2=""전체"", TRUE, (YEAR('기록'!$A:$A)&"""")=$A$2)))) / X$7, ""-""))"),"-") -> - | Y11: =IFERROR(__xludf.DUMMYFUNCTION("IF(Y$6="""", """", IFERROR(ROWS(FILTER('기록'!$F:$F, ('기록'!$D:$D=Y$6) * ('기록'!$F:$F=4) * (IF($A$2=""전체"", TRUE, (YEAR('기록'!$A:$A)&"""")=$A$2)))) / Y$7, ""-""))"),"-") -> - | Z11: =IFERROR(__xludf.DUMMYFUNCTION("IF(Z$6="""", """", IFERROR(ROWS(FILTER('기록'!$F:$F, ('기록'!$D:$D=Z$6) * ('기록'!$F:$F=4) * (IF($A$2=""전체"", TRUE, (YEAR('기록'!$A:$A)&"""")=$A$2)))) / Z$7, ""-""))"),"-") -> - | AA11: =IFERROR(__xludf.DUMMYFUNCTION("IF(AA$6="""", """", IFERROR(ROWS(FILTER('기록'!$F:$F, ('기록'!$D:$D=AA$6) * ('기록'!$F:$F=4) * (IF($A$2=""전체"", TRUE, (YEAR('기록'!$A:$A)&"""")=$A$2)))) / AA$7, ""-""))"),"-") -> - | AB11: =IFERROR(__xludf.DUMMYFUNCTION("IF(AB$6="""", """", IFERROR(ROWS(FILTER('기록'!$F:$F, ('기록'!$D:$D=AB$6) * ('기록'!$F:$F=4) * (IF($A$2=""전체"", TRUE, (YEAR('기록'!$A:$A)&"""")=$A$2)))) / AB$7, ""-""))"),"-") -> - | AC11: =IFERROR(__xludf.DUMMYFUNCTION("IF(AC$6="""", """", IFERROR(ROWS(FILTER('기록'!$F:$F, ('기록'!$D:$D=AC$6) * ('기록'!$F:$F=4) * (IF($A$2=""전체"", TRUE, (YEAR('기록'!$A:$A)&"""")=$A$2)))) / AC$7, ""-""))"),0.4444444444444444) -> 0.44444444 | AD11: =IFERROR(__xludf.DUMMYFUNCTION("IF(AD$6="""", """", IFERROR(ROWS(FILTER('기록'!$F:$F, ('기록'!$D:$D=AD$6) * ('기록'!$F:$F=4) * (IF($A$2=""전체"", TRUE, (YEAR('기록'!$A:$A)&"""")=$A$2)))) / AD$7, ""-""))"),"-") -> - | AE11: =IFERROR(__xludf.DUMMYFUNCTION("IF(AE$6="""", """", IFERROR(ROWS(FILTER('기록'!$F:$F, ('기록'!$D:$D=AE$6) * ('기록'!$F:$F=4) * (IF($A$2=""전체"", TRUE, (YEAR('기록'!$A:$A)&"""")=$A$2)))) / AE$7, ""-""))"),"-") -> - | AF11: =IFERROR(__xludf.DUMMYFUNCTION("IF(AF$6="""", """", IFERROR(ROWS(FILTER('기록'!$F:$F, ('기록'!$D:$D=AF$6) * ('기록'!$F:$F=4) * (IF($A$2=""전체"", TRUE, (YEAR('기록'!$A:$A)&"""")=$A$2)))) / AF$7, ""-""))"),"-") -> - | AG11: =IFERROR(__xludf.DUMMYFUNCTION("IF(AG$6="""", """", IFERROR(ROWS(FILTER('기록'!$F:$F, ('기록'!$D:$D=AG$6) * ('기록'!$F:$F=4) * (IF($A$2=""전체"", TRUE, (YEAR('기록'!$A:$A)&"""")=$A$2)))) / AG$7, ""-""))"),0.5) -> 0.5 | AH11: =IFERROR(__xludf.DUMMYFUNCTION("IF(AH$6="""", """", IFERROR(ROWS(FILTER('기록'!$F:$F, ('기록'!$D:$D=AH$6) * ('기록'!$F:$F=4) * (IF($A$2=""전체"", TRUE, (YEAR('기록'!$A:$A)&"""")=$A$2)))) / AH$7, ""-""))"),0.25) -> 0.25 | AI11: =IFERROR(__xludf.DUMMYFUNCTION("IF(AI$6="""", """", IFERROR(ROWS(FILTER('기록'!$F:$F, ('기록'!$D:$D=AI$6) * ('기록'!$F:$F=4) * (IF($A$2=""전체"", TRUE, (YEAR('기록'!$A:$A)&"""")=$A$2)))) / AI$7, ""-""))"),0.3333333333333333) -> 0.33333333
B12: 토비율 | C12: =IFERROR(__xludf.DUMMYFUNCTION("IF(C$6="""", """", IFERROR(ROWS(FILTER('기록'!$E:$E, ('기록'!$D:$D=C$6) * ('기록'!$E:$E < 0) * (IF($A$2=""전체"", TRUE, (YEAR('기록'!$A:$A)&"""")=$A$2)))) / C$7, ""-""))"),0.05) -> 0.05 | D12: =IFERROR(__xludf.DUMMYFUNCTION("IF(D$6="""", """", IFERROR(ROWS(FILTER('기록'!$E:$E, ('기록'!$D:$D=D$6) * ('기록'!$E:$E < 0) * (IF($A$2=""전체"", TRUE, (YEAR('기록'!$A:$A)&"""")=$A$2)))) / D$7, ""-""))"),0.020833333333333332) -> 0.020833333 | E12: =IFERROR(__xludf.DUMMYFUNCTION("IF(E$6="""", """", IFERROR(ROWS(FILTER('기록'!$E:$E, ('기록'!$D:$D=E$6) * ('기록'!$E:$E < 0) * (IF($A$2=""전체"", TRUE, (YEAR('기록'!$A:$A)&"""")=$A$2)))) / E$7, ""-""))"),0.05263157894736842) -> 0.052631579 | F12: =IFERROR(__xludf.DUMMYFUNCTION("IF(F$6="""", """", IFERROR(ROWS(FILTER('기록'!$E:$E, ('기록'!$D:$D=F$6) * ('기록'!$E:$E < 0) * (IF($A$2=""전체"", TRUE, (YEAR('기록'!$A:$A)&"""")=$A$2)))) / F$7, ""-""))"),0.10714285714285714) -> 0.10714286 | G12: =IFERROR(__xludf.DUMMYFUNCTION("IF(G$6="""", """", IFERROR(ROWS(FILTER('기록'!$E:$E, ('기록'!$D:$D=G$6) * ('기록'!$E:$E < 0) * (IF($A$2=""전체"", TRUE, (YEAR('기록'!$A:$A)&"""")=$A$2)))) / G$7, ""-""))"),0.10526315789473684) -> 0.10526316 | H12: =IFERROR(__xludf.DUMMYFUNCTION("IF(H$6="""", """", IFERROR(ROWS(FILTER('기록'!$E:$E, ('기록'!$D:$D=H$6) * ('기록'!$E:$E < 0) * (IF($A$2=""전체"", TRUE, (YEAR('기록'!$A:$A)&"""")=$A$2)))) / H$7, ""-""))"),0.1) -> 0.1 | I12: =IFERROR(__xludf.DUMMYFUNCTION("IF(I$6="""", """", IFERROR(ROWS(FILTER('기록'!$E:$E, ('기록'!$D:$D=I$6) * ('기록'!$E:$E < 0) * (IF($A$2=""전체"", TRUE, (YEAR('기록'!$A:$A)&"""")=$A$2)))) / I$7, ""-""))"),0.14285714285714285) -> 0.14285714 | J12: =IFERROR(__xludf.DUMMYFUNCTION("IF(J$6="""", """", IFERROR(ROWS(FILTER('기록'!$E:$E, ('기록'!$D:$D=J$6) * ('기록'!$E:$E < 0) * (IF($A$2=""전체"", TRUE, (YEAR('기록'!$A:$A)&"""")=$A$2)))) / J$7, ""-""))"),"-") -> - | K12: =IFERROR(__xludf.DUMMYFUNCTION("IF(K$6="""", """", IFERROR(ROWS(FILTER('기록'!$E:$E, ('기록'!$D:$D=K$6) * ('기록'!$E:$E < 0) * (IF($A$2=""전체"", TRUE, (YEAR('기록'!$A:$A)&"""")=$A$2)))) / K$7, ""-""))"),0.42857142857142855) -> 0.42857143 | L12: =IFERROR(__xludf.DUMMYFUNCTION("IF(L$6="""", """", IFERROR(ROWS(FILTER('기록'!$E:$E, ('기록'!$D:$D=L$6) * ('기록'!$E:$E < 0) * (IF($A$2=""전체"", TRUE, (YEAR('기록'!$A:$A)&"""")=$A$2)))) / L$7, ""-""))"),0.058823529411764705) -> 0.058823529 | M12: =IFERROR(__xludf.DUMMYFUNCTION("IF(M$6="""", """", IFERROR(ROWS(FILTER('기록'!$E:$E, ('기록'!$D:$D=M$6) * ('기록'!$E:$E < 0) * (IF($A$2=""전체"", TRUE, (YEAR('기록'!$A:$A)&"""")=$A$2)))) / M$7, ""-""))"),0.02702702702702703) -> 0.027027027 | N12: =IFERROR(__xludf.DUMMYFUNCTION("IF(N$6="""", """", IFERROR(ROWS(FILTER('기록'!$E:$E, ('기록'!$D:$D=N$6) * ('기록'!$E:$E < 0) * (IF($A$2=""전체"", TRUE, (YEAR('기록'!$A:$A)&"""")=$A$2)))) / N$7, ""-""))"),"-") -> - | O12: =IFERROR(__xludf.DUMMYFUNCTION("IF(O$6="""", """", IFERROR(ROWS(FILTER('기록'!$E:$E, ('기록'!$D:$D=O$6) * ('기록'!$E:$E < 0) * (IF($A$2=""전체"", TRUE, (YEAR('기록'!$A:$A)&"""")=$A$2)))) / O$7, ""-""))"),0.2) -> 0.2 | P12: =IFERROR(__xludf.DUMMYFUNCTION("IF(P$6="""", """", IFERROR(ROWS(FILTER('기록'!$E:$E, ('기록'!$D:$D=P$6) * ('기록'!$E:$E < 0) * (IF($A$2=""전체"", TRUE, (YEAR('기록'!$A:$A)&"""")=$A$2)))) / P$7, ""-""))"),"-") -> - | Q12: =IFERROR(__xludf.DUMMYFUNCTION("IF(Q$6="""", """", IFERROR(ROWS(FILTER('기록'!$E:$E, ('기록'!$D:$D=Q$6) * ('기록'!$E:$E < 0) * (IF($A$2=""전체"", TRUE, (YEAR('기록'!$A:$A)&"""")=$A$2)))) / Q$7, ""-""))"),"-") -> - | R12: =IFERROR(__xludf.DUMMYFUNCTION("IF(R$6="""", """", IFERROR(ROWS(FILTER('기록'!$E:$E, ('기록'!$D:$D=R$6) * ('기록'!$E:$E < 0) * (IF($A$2=""전체"", TRUE, (YEAR('기록'!$A:$A)&"""")=$A$2)))) / R$7, ""-""))"),"-") -> - | S12: =IFERROR(__xludf.DUMMYFUNCTION("IF(S$6="""", """", IFERROR(ROWS(FILTER('기록'!$E:$E, ('기록'!$D:$D=S$6) * ('기록'!$E:$E < 0) * (IF($A$2=""전체"", TRUE, (YEAR('기록'!$A:$A)&"""")=$A$2)))) / S$7, ""-""))"),"-") -> - | T12: =IFERROR(__xludf.DUMMYFUNCTION("IF(T$6="""", """", IFERROR(ROWS(FILTER('기록'!$E:$E, ('기록'!$D:$D=T$6) * ('기록'!$E:$E < 0) * (IF($A$2=""전체"", TRUE, (YEAR('기록'!$A:$A)&"""")=$A$2)))) / T$7, ""-""))"),"-") -> - | U12: =IFERROR(__xludf.DUMMYFUNCTION("IF(U$6="""", """", IFERROR(ROWS(FILTER('기록'!$E:$E, ('기록'!$D:$D=U$6) * ('기록'!$E:$E < 0) * (IF($A$2=""전체"", TRUE, (YEAR('기록'!$A:$A)&"""")=$A$2)))) / U$7, ""-""))"),"-") -> - | V12: =IFERROR(__xludf.DUMMYFUNCTION("IF(V$6="""", """", IFERROR(ROWS(FILTER('기록'!$E:$E, ('기록'!$D:$D=V$6) * ('기록'!$E:$E < 0) * (IF($A$2=""전체"", TRUE, (YEAR('기록'!$A:$A)&"""")=$A$2)))) / V$7, ""-""))"),"-") -> - | W12: =IFERROR(__xludf.DUMMYFUNCTION("IF(W$6="""", """", IFERROR(ROWS(FILTER('기록'!$E:$E, ('기록'!$D:$D=W$6) * ('기록'!$E:$E < 0) * (IF($A$2=""전체"", TRUE, (YEAR('기록'!$A:$A)&"""")=$A$2)))) / W$7, ""-""))"),"-") -> - | X12: =IFERROR(__xludf.DUMMYFUNCTION("IF(X$6="""", """", IFERROR(ROWS(FILTER('기록'!$E:$E, ('기록'!$D:$D=X$6) * ('기록'!$E:$E < 0) * (IF($A$2=""전체"", TRUE, (YEAR('기록'!$A:$A)&"""")=$A$2)))) / X$7, ""-""))"),"-") -> - | Y12: =IFERROR(__xludf.DUMMYFUNCTION("IF(Y$6="""", """", IFERROR(ROWS(FILTER('기록'!$E:$E, ('기록'!$D:$D=Y$6) * ('기록'!$E:$E < 0) * (IF($A$2=""전체"", TRUE, (YEAR('기록'!$A:$A)&"""")=$A$2)))) / Y$7, ""-""))"),"-") -> - | Z12: =IFERROR(__xludf.DUMMYFUNCTION("IF(Z$6="""", """", IFERROR(ROWS(FILTER('기록'!$E:$E, ('기록'!$D:$D=Z$6) * ('기록'!$E:$E < 0) * (IF($A$2=""전체"", TRUE, (YEAR('기록'!$A:$A)&"""")=$A$2)))) / Z$7, ""-""))"),"-") -> - | AA12: =IFERROR(__xludf.DUMMYFUNCTION("IF(AA$6="""", """", IFERROR(ROWS(FILTER('기록'!$E:$E, ('기록'!$D:$D=AA$6) * ('기록'!$E:$E < 0) * (IF($A$2=""전체"", TRUE, (YEAR('기록'!$A:$A)&"""")=$A$2)))) / AA$7, ""-""))"),"-") -> - | AB12: =IFERROR(__xludf.DUMMYFUNCTION("IF(AB$6="""", """", IFERROR(ROWS(FILTER('기록'!$E:$E, ('기록'!$D:$D=AB$6) * ('기록'!$E:$E < 0) * (IF($A$2=""전체"", TRUE, (YEAR('기록'!$A:$A)&"""")=$A$2)))) / AB$7, ""-""))"),"-") -> - | AC12: =IFERROR(__xludf.DUMMYFUNCTION("IF(AC$6="""", """", IFERROR(ROWS(FILTER('기록'!$E:$E, ('기록'!$D:$D=AC$6) * ('기록'!$E:$E < 0) * (IF($A$2=""전체"", TRUE, (YEAR('기록'!$A:$A)&"""")=$A$2)))) / AC$7, ""-""))"),0.1111111111111111) -> 0.11111111 | AD12: =IFERROR(__xludf.DUMMYFUNCTION("IF(AD$6="""", """", IFERROR(ROWS(FILTER('기록'!$E:$E, ('기록'!$D:$D=AD$6) * ('기록'!$E:$E < 0) * (IF($A$2=""전체"", TRUE, (YEAR('기록'!$A:$A)&"""")=$A$2)))) / AD$7, ""-""))"),"-") -> - | AE12: =IFERROR(__xludf.DUMMYFUNCTION("IF(AE$6="""", """", IFERROR(ROWS(FILTER('기록'!$E:$E, ('기록'!$D:$D=AE$6) * ('기록'!$E:$E < 0) * (IF($A$2=""전체"", TRUE, (YEAR('기록'!$A:$A)&"""")=$A$2)))) / AE$7, ""-""))"),"-") -> - | AF12: =IFERROR(__xludf.DUMMYFUNCTION("IF(AF$6="""", """", IFERROR(ROWS(FILTER('기록'!$E:$E, ('기록'!$D:$D=AF$6) * ('기록'!$E:$E < 0) * (IF($A$2=""전체"", TRUE, (YEAR('기록'!$A:$A)&"""")=$A$2)))) / AF$7, ""-""))"),"-") -> - | AG12: =IFERROR(__xludf.DUMMYFUNCTION("IF(AG$6="""", """", IFERROR(ROWS(FILTER('기록'!$E:$E, ('기록'!$D:$D=AG$6) * ('기록'!$E:$E < 0) * (IF($A$2=""전체"", TRUE, (YEAR('기록'!$A:$A)&"""")=$A$2)))) / AG$7, ""-""))"),0.25) -> 0.25 | AH12: =IFERROR(__xludf.DUMMYFUNCTION("IF(AH$6="""", """", IFERROR(ROWS(FILTER('기록'!$E:$E, ('기록'!$D:$D=AH$6) * ('기록'!$E:$E < 0) * (IF($A$2=""전체"", TRUE, (YEAR('기록'!$A:$A)&"""")=$A$2)))) / AH$7, ""-""))"),"-") -> - | AI12: =IFERROR(__xludf.DUMMYFUNCTION("IF(AI$6="""", """", IFERROR(ROWS(FILTER('기록'!$E:$E, ('기록'!$D:$D=AI$6) * ('기록'!$E:$E < 0) * (IF($A$2=""전체"", TRUE, (YEAR('기록'!$A:$A)&"""")=$A$2)))) / AI$7, ""-""))"),0.16666666666666666) -> 0.16666667
B13: 연대율 | C13: =IFERROR(__xludf.DUMMYFUNCTION("IF(C$6="""", """", IFERROR(ROWS(FILTER('기록'!$F:$F, ('기록'!$D:$D=C$6) * ('기록'!$F:$F<=2) * (IF($A$2=""전체"", TRUE, (YEAR('기록'!$A:$A)&"""")=$A$2)))) / C$7, ""-""))"),0.55) -> 0.55 | D13: =IFERROR(__xludf.DUMMYFUNCTION("IF(D$6="""", """", IFERROR(ROWS(FILTER('기록'!$F:$F, ('기록'!$D:$D=D$6) * ('기록'!$F:$F<=2) * (IF($A$2=""전체"", TRUE, (YEAR('기록'!$A:$A)&"""")=$A$2)))) / D$7, ""-""))"),0.5833333333333334) -> 0.58333333 | E13: =IFERROR(__xludf.DUMMYFUNCTION("IF(E$6="""", """", IFERROR(ROWS(FILTER('기록'!$F:$F, ('기록'!$D:$D=E$6) * ('기록'!$F:$F<=2) * (IF($A$2=""전체"", TRUE, (YEAR('기록'!$A:$A)&"""")=$A$2)))) / E$7, ""-""))"),0.47368421052631576) -> 0.47368421 | F13: =IFERROR(__xludf.DUMMYFUNCTION("IF(F$6="""", """", IFERROR(ROWS(FILTER('기록'!$F:$F, ('기록'!$D:$D=F$6) * ('기록'!$F:$F<=2) * (IF($A$2=""전체"", TRUE, (YEAR('기록'!$A:$A)&"""")=$A$2)))) / F$7, ""-""))"),0.42857142857142855) -> 0.42857143 | G13: =IFERROR(__xludf.DUMMYFUNCTION("IF(G$6="""", """", IFERROR(ROWS(FILTER('기록'!$F:$F, ('기록'!$D:$D=G$6) * ('기록'!$F:$F<=2) * (IF($A$2=""전체"", TRUE, (YEAR('기록'!$A:$A)&"""")=$A$2)))) / G$7, ""-""))"),0.5263157894736842) -> 0.52631579 | H13: =IFERROR(__xludf.DUMMYFUNCTION("IF(H$6="""", """", IFERROR(ROWS(FILTER('기록'!$F:$F, ('기록'!$D:$D=H$6) * ('기록'!$F:$F<=2) * (IF($A$2=""전체"", TRUE, (YEAR('기록'!$A:$A)&"""")=$A$2)))) / H$7, ""-""))"),0.4) -> 0.4 | I13: =IFERROR(__xludf.DUMMYFUNCTION("IF(I$6="""", """", IFERROR(ROWS(FILTER('기록'!$F:$F, ('기록'!$D:$D=I$6) * ('기록'!$F:$F<=2) * (IF($A$2=""전체"", TRUE, (YEAR('기록'!$A:$A)&"""")=$A$2)))) / I$7, ""-""))"),0.42857142857142855) -> 0.42857143 | J13: =IFERROR(__xludf.DUMMYFUNCTION("IF(J$6="""", """", IFERROR(ROWS(FILTER('기록'!$F:$F, ('기록'!$D:$D=J$6) * ('기록'!$F:$F<=2) * (IF($A$2=""전체"", TRUE, (YEAR('기록'!$A:$A)&"""")=$A$2)))) / J$7, ""-""))"),"-") -> - | K13: =IFERROR(__xludf.DUMMYFUNCTION("IF(K$6="""", """", IFERROR(ROWS(FILTER('기록'!$F:$F, ('기록'!$D:$D=K$6) * ('기록'!$F:$F<=2) * (IF($A$2=""전체"", TRUE, (YEAR('기록'!$A:$A)&"""")=$A$2)))) / K$7, ""-""))"),0.5714285714285714) -> 0.57142857 | L13: =IFERROR(__xludf.DUMMYFUNCTION("IF(L$6="""", """", IFERROR(ROWS(FILTER('기록'!$F:$F, ('기록'!$D:$D=L$6) * ('기록'!$F:$F<=2) * (IF($A$2=""전체"", TRUE, (YEAR('기록'!$A:$A)&"""")=$A$2)))) / L$7, ""-""))"),0.5882352941176471) -> 0.58823529 | M13: =IFERROR(__xludf.DUMMYFUNCTION("IF(M$6="""", """", IFERROR(ROWS(FILTER('기록'!$F:$F, ('기록'!$D:$D=M$6) * ('기록'!$F:$F<=2) * (IF($A$2=""전체"", TRUE, (YEAR('기록'!$A:$A)&"""")=$A$2)))) / M$7, ""-""))"),0.5945945945945946) -> 0.59459459 | N13: =IFERROR(__xludf.DUMMYFUNCTION("IF(N$6="""", """", IFERROR(ROWS(FILTER('기록'!$F:$F, ('기록'!$D:$D=N$6) * ('기록'!$F:$F<=2) * (IF($A$2=""전체"", TRUE, (YEAR('기록'!$A:$A)&"""")=$A$2)))) / N$7, ""-""))"),"-") -> - | O13: =IFERROR(__xludf.DUMMYFUNCTION("IF(O$6="""", """", IFERROR(ROWS(FILTER('기록'!$F:$F, ('기록'!$D:$D=O$6) * ('기록'!$F:$F<=2) * (IF($A$2=""전체"", TRUE, (YEAR('기록'!$A:$A)&"""")=$A$2)))) / O$7, ""-""))"),0.2) -> 0.2 | P13: =IFERROR(__xludf.DUMMYFUNCTION("IF(P$6="""", """", IFERROR(ROWS(FILTER('기록'!$F:$F, ('기록'!$D:$D=P$6) * ('기록'!$F:$F<=2) * (IF($A$2=""전체"", TRUE, (YEAR('기록'!$A:$A)&"""")=$A$2)))) / P$7, ""-""))"),"-") -> - | Q13: =IFERROR(__xludf.DUMMYFUNCTION("IF(Q$6="""", """", IFERROR(ROWS(FILTER('기록'!$F:$F, ('기록'!$D:$D=Q$6) * ('기록'!$F:$F<=2) * (IF($A$2=""전체"", TRUE, (YEAR('기록'!$A:$A)&"""")=$A$2)))) / Q$7, ""-""))"),"-") -> - | R13: =IFERROR(__xludf.DUMMYFUNCTION("IF(R$6="""", """", IFERROR(ROWS(FILTER('기록'!$F:$F, ('기록'!$D:$D=R$6) * ('기록'!$F:$F<=2) * (IF($A$2=""전체"", TRUE, (YEAR('기록'!$A:$A)&"""")=$A$2)))) / R$7, ""-""))"),"-") -> - | S13: =IFERROR(__xludf.DUMMYFUNCTION("IF(S$6="""", """", IFERROR(ROWS(FILTER('기록'!$F:$F, ('기록'!$D:$D=S$6) * ('기록'!$F:$F<=2) * (IF($A$2=""전체"", TRUE, (YEAR('기록'!$A:$A)&"""")=$A$2)))) / S$7, ""-""))"),"-") -> - | T13: =IFERROR(__xludf.DUMMYFUNCTION("IF(T$6="""", """", IFERROR(ROWS(FILTER('기록'!$F:$F, ('기록'!$D:$D=T$6) * ('기록'!$F:$F<=2) * (IF($A$2=""전체"", TRUE, (YEAR('기록'!$A:$A)&"""")=$A$2)))) / T$7, ""-""))"),"-") -> - | U13: =IFERROR(__xludf.DUMMYFUNCTION("IF(U$6="""", """", IFERROR(ROWS(FILTER('기록'!$F:$F, ('기록'!$D:$D=U$6) * ('기록'!$F:$F<=2) * (IF($A$2=""전체"", TRUE, (YEAR('기록'!$A:$A)&"""")=$A$2)))) / U$7, ""-""))"),"-") -> - | V13: =IFERROR(__xludf.DUMMYFUNCTION("IF(V$6="""", """", IFERROR(ROWS(FILTER('기록'!$F:$F, ('기록'!$D:$D=V$6) * ('기록'!$F:$F<=2) * (IF($A$2=""전체"", TRUE, (YEAR('기록'!$A:$A)&"""")=$A$2)))) / V$7, ""-""))"),0.4166666666666667) -> 0.41666667 | W13: =IFERROR(__xludf.DUMMYFUNCTION("IF(W$6="""", """", IFERROR(ROWS(FILTER('기록'!$F:$F, ('기록'!$D:$D=W$6) * ('기록'!$F:$F<=2) * (IF($A$2=""전체"", TRUE, (YEAR('기록'!$A:$A)&"""")=$A$2)))) / W$7, ""-""))"),"-") -> - | X13: =IFERROR(__xludf.DUMMYFUNCTION("IF(X$6="""", """", IFERROR(ROWS(FILTER('기록'!$F:$F, ('기록'!$D:$D=X$6) * ('기록'!$F:$F<=2) * (IF($A$2=""전체"", TRUE, (YEAR('기록'!$A:$A)&"""")=$A$2)))) / X$7, ""-""))"),"-") -> - | Y13: =IFERROR(__xludf.DUMMYFUNCTION("IF(Y$6="""", """", IFERROR(ROWS(FILTER('기록'!$F:$F, ('기록'!$D:$D=Y$6) * ('기록'!$F:$F<=2) * (IF($A$2=""전체"", TRUE, (YEAR('기록'!$A:$A)&"""")=$A$2)))) / Y$7, ""-""))"),"-") -> - | Z13: =IFERROR(__xludf.DUMMYFUNCTION("IF(Z$6="""", """", IFERROR(ROWS(FILTER('기록'!$F:$F, ('기록'!$D:$D=Z$6) * ('기록'!$F:$F<=2) * (IF($A$2=""전체"", TRUE, (YEAR('기록'!$A:$A)&"""")=$A$2)))) / Z$7, ""-""))"),"-") -> - | AA13: =IFERROR(__xludf.DUMMYFUNCTION("IF(AA$6="""", """", IFERROR(ROWS(FILTER('기록'!$F:$F, ('기록'!$D:$D=AA$6) * ('기록'!$F:$F<=2) * (IF($A$2=""전체"", TRUE, (YEAR('기록'!$A:$A)&"""")=$A$2)))) / AA$7, ""-""))"),"-") -> - | AB13: =IFERROR(__xludf.DUMMYFUNCTION("IF(AB$6="""", """", IFERROR(ROWS(FILTER('기록'!$F:$F, ('기록'!$D:$D=AB$6) * ('기록'!$F:$F<=2) * (IF($A$2=""전체"", TRUE, (YEAR('기록'!$A:$A)&"""")=$A$2)))) / AB$7, ""-""))"),"-") -> - | AC13: =IFERROR(__xludf.DUMMYFUNCTION("IF(AC$6="""", """", IFERROR(ROWS(FILTER('기록'!$F:$F, ('기록'!$D:$D=AC$6) * ('기록'!$F:$F<=2) * (IF($A$2=""전체"", TRUE, (YEAR('기록'!$A:$A)&"""")=$A$2)))) / AC$7, ""-""))"),0.2222222222222222) -> 0.22222222 | AD13: =IFERROR(__xludf.DUMMYFUNCTION("IF(AD$6="""", """", IFERROR(ROWS(FILTER('기록'!$F:$F, ('기록'!$D:$D=AD$6) * ('기록'!$F:$F<=2) * (IF($A$2=""전체"", TRUE, (YEAR('기록'!$A:$A)&"""")=$A$2)))) / AD$7, ""-""))"),"-") -> - | AE13: =IFERROR(__xludf.DUMMYFUNCTION("IF(AE$6="""", """", IFERROR(ROWS(FILTER('기록'!$F:$F, ('기록'!$D:$D=AE$6) * ('기록'!$F:$F<=2) * (IF($A$2=""전체"", TRUE, (YEAR('기록'!$A:$A)&"""")=$A$2)))) / AE$7, ""-""))"),"-") -> - | AF13: =IFERROR(__xludf.DUMMYFUNCTION("IF(AF$6="""", """", IFERROR(ROWS(FILTER('기록'!$F:$F, ('기록'!$D:$D=AF$6) * ('기록'!$F:$F<=2) * (IF($A$2=""전체"", TRUE, (YEAR('기록'!$A:$A)&"""")=$A$2)))) / AF$7, ""-""))"),"-") -> - | AG13: =IFERROR(__xludf.DUMMYFUNCTION("IF(AG$6="""", """", IFERROR(ROWS(FILTER('기록'!$F:$F, ('기록'!$D:$D=AG$6) * ('기록'!$F:$F<=2) * (IF($A$2=""전체"", TRUE, (YEAR('기록'!$A:$A)&"""")=$A$2)))) / AG$7, ""-""))"),0.5) -> 0.5 | AH13: =IFERROR(__xludf.DUMMYFUNCTION("IF(AH$6="""", """", IFERROR(ROWS(FILTER('기록'!$F:$F, ('기록'!$D:$D=AH$6) * ('기록'!$F:$F<=2) * (IF($A$2=""전체"", TRUE, (YEAR('기록'!$A:$A)&"""")=$A$2)))) / AH$7, ""-""))"),0.4166666666666667) -> 0.41666667 | AI13: =IFERROR(__xludf.DUMMYFUNCTION("IF(AI$6="""", """", IFERROR(ROWS(FILTER('기록'!$F:$F, ('기록'!$D:$D=AI$6) * ('기록'!$F:$F<=2) * (IF($A$2=""전체"", TRUE, (YEAR('기록'!$A:$A)&"""")=$A$2)))) / AI$7, ""-""))"),0.3333333333333333) -> 0.33333333
B15: 최고 점수 | C15: =IFERROR(__xludf.DUMMYFUNCTION("IF(C$6="""", """", IFERROR(MAX(FILTER('기록'!$E:$E, ('기록'!$D:$D=C$6) * (IF($A$2=""전체"", TRUE, (YEAR('기록'!$A:$A)&"""")=$A$2)))), ""-""))"),59300.0) -> 59300 | D15: =IFERROR(__xludf.DUMMYFUNCTION("IF(D$6="""", """", IFERROR(MAX(FILTER('기록'!$E:$E, ('기록'!$D:$D=D$6) * (IF($A$2=""전체"", TRUE, (YEAR('기록'!$A:$A)&"""")=$A$2)))), ""-""))"),55700.0) -> 55700 | E15: =IFERROR(__xludf.DUMMYFUNCTION("IF(E$6="""", """", IFERROR(MAX(FILTER('기록'!$E:$E, ('기록'!$D:$D=E$6) * (IF($A$2=""전체"", TRUE, (YEAR('기록'!$A:$A)&"""")=$A$2)))), ""-""))"),45400.0) -> 45400 | F15: =IFERROR(__xludf.DUMMYFUNCTION("IF(F$6="""", """", IFERROR(MAX(FILTER('기록'!$E:$E, ('기록'!$D:$D=F$6) * (IF($A$2=""전체"", TRUE, (YEAR('기록'!$A:$A)&"""")=$A$2)))), ""-""))"),60000.0) -> 60000 | G15: =IFERROR(__xludf.DUMMYFUNCTION("IF(G$6="""", """", IFERROR(MAX(FILTER('기록'!$E:$E, ('기록'!$D:$D=G$6) * (IF($A$2=""전체"", TRUE, (YEAR('기록'!$A:$A)&"""")=$A$2)))), ""-""))"),53900.0) -> 53900 | H15: =IFERROR(__xludf.DUMMYFUNCTION("IF(H$6="""", """", IFERROR(MAX(FILTER('기록'!$E:$E, ('기록'!$D:$D=H$6) * (IF($A$2=""전체"", TRUE, (YEAR('기록'!$A:$A)&"""")=$A$2)))), ""-""))"),42600.0) -> 42600 | I15: =IFERROR(__xludf.DUMMYFUNCTION("IF(I$6="""", """", IFERROR(MAX(FILTER('기록'!$E:$E, ('기록'!$D:$D=I$6) * (IF($A$2=""전체"", TRUE, (YEAR('기록'!$A:$A)&"""")=$A$2)))), ""-""))"),50300.0) -> 50300 | J15: =IFERROR(__xludf.DUMMYFUNCTION("IF(J$6="""", """", IFERROR(MAX(FILTER('기록'!$E:$E, ('기록'!$D:$D=J$6) * (IF($A$2=""전체"", TRUE, (YEAR('기록'!$A:$A)&"""")=$A$2)))), ""-""))"),"-") -> - | K15: =IFERROR(__xludf.DUMMYFUNCTION("IF(K$6="""", """", IFERROR(MAX(FILTER('기록'!$E:$E, ('기록'!$D:$D=K$6) * (IF($A$2=""전체"", TRUE, (YEAR('기록'!$A:$A)&"""")=$A$2)))), ""-""))"),41000.0) -> 41000 | L15: =IFERROR(__xludf.DUMMYFUNCTION("IF(L$6="""", """", IFERROR(MAX(FILTER('기록'!$E:$E, ('기록'!$D:$D=L$6) * (IF($A$2=""전체"", TRUE, (YEAR('기록'!$A:$A)&"""")=$A$2)))), ""-""))"),60100.0) -> 60100 | M15: =IFERROR(__xludf.DUMMYFUNCTION("IF(M$6="""", """", IFERROR(MAX(FILTER('기록'!$E:$E, ('기록'!$D:$D=M$6) * (IF($A$2=""전체"", TRUE, (YEAR('기록'!$A:$A)&"""")=$A$2)))), ""-""))"),53100.0) -> 53100 | N15: =IFERROR(__xludf.DUMMYFUNCTION("IF(N$6="""", """", IFERROR(MAX(FILTER('기록'!$E:$E, ('기록'!$D:$D=N$6) * (IF($A$2=""전체"", TRUE, (YEAR('기록'!$A:$A)&"""")=$A$2)))), ""-""))"),"-") -> - | O15: =IFERROR(__xludf.DUMMYFUNCTION("IF(O$6="""", """", IFERROR(MAX(FILTER('기록'!$E:$E, ('기록'!$D:$D=O$6) * (IF($A$2=""전체"", TRUE, (YEAR('기록'!$A:$A)&"""")=$A$2)))), ""-""))"),26700.0) -> 26700 | P15: =IFERROR(__xludf.DUMMYFUNCTION("IF(P$6="""", """", IFERROR(MAX(FILTER('기록'!$E:$E, ('기록'!$D:$D=P$6) * (IF($A$2=""전체"", TRUE, (YEAR('기록'!$A:$A)&"""")=$A$2)))), ""-""))"),"-") -> - | Q15: =IFERROR(__xludf.DUMMYFUNCTION("IF(Q$6="""", """", IFERROR(MAX(FILTER('기록'!$E:$E, ('기록'!$D:$D=Q$6) * (IF($A$2=""전체"", TRUE, (YEAR('기록'!$A:$A)&"""")=$A$2)))), ""-""))"),"-") -> - | R15: =IFERROR(__xludf.DUMMYFUNCTION("IF(R$6="""", """", IFERROR(MAX(FILTER('기록'!$E:$E, ('기록'!$D:$D=R$6) * (IF($A$2=""전체"", TRUE, (YEAR('기록'!$A:$A)&"""")=$A$2)))), ""-""))"),"-") -> - | S15: =IFERROR(__xludf.DUMMYFUNCTION("IF(S$6="""", """", IFERROR(MAX(FILTER('기록'!$E:$E, ('기록'!$D:$D=S$6) * (IF($A$2=""전체"", TRUE, (YEAR('기록'!$A:$A)&"""")=$A$2)))), ""-""))"),"-") -> - | T15: =IFERROR(__xludf.DUMMYFUNCTION("IF(T$6="""", """", IFERROR(MAX(FILTER('기록'!$E:$E, ('기록'!$D:$D=T$6) * (IF($A$2=""전체"", TRUE, (YEAR('기록'!$A:$A)&"""")=$A$2)))), ""-""))"),"-") -> - | U15: =IFERROR(__xludf.DUMMYFUNCTION("IF(U$6="""", """", IFERROR(MAX(FILTER('기록'!$E:$E, ('기록'!$D:$D=U$6) * (IF($A$2=""전체"", TRUE, (YEAR('기록'!$A:$A)&"""")=$A$2)))), ""-""))"),"-") -> - | V15: =IFERROR(__xludf.DUMMYFUNCTION("IF(V$6="""", """", IFERROR(MAX(FILTER('기록'!$E:$E, ('기록'!$D:$D=V$6) * (IF($A$2=""전체"", TRUE, (YEAR('기록'!$A:$A)&"""")=$A$2)))), ""-""))"),34500.0) -> 34500 | W15: =IFERROR(__xludf.DUMMYFUNCTION("IF(W$6="""", """", IFERROR(MAX(FILTER('기록'!$E:$E, ('기록'!$D:$D=W$6) * (IF($A$2=""전체"", TRUE, (YEAR('기록'!$A:$A)&"""")=$A$2)))), ""-""))"),"-") -> - | X15: =IFERROR(__xludf.DUMMYFUNCTION("IF(X$6="""", """", IFERROR(MAX(FILTER('기록'!$E:$E, ('기록'!$D:$D=X$6) * (IF($A$2=""전체"", TRUE, (YEAR('기록'!$A:$A)&"""")=$A$2)))), ""-""))"),"-") -> - | Y15: =IFERROR(__xludf.DUMMYFUNCTION("IF(Y$6="""", """", IFERROR(MAX(FILTER('기록'!$E:$E, ('기록'!$D:$D=Y$6) * (IF($A$2=""전체"", TRUE, (YEAR('기록'!$A:$A)&"""")=$A$2)))), ""-""))"),"-") -> - | Z15: =IFERROR(__xludf.DUMMYFUNCTION("IF(Z$6="""", """", IFERROR(MAX(FILTER('기록'!$E:$E, ('기록'!$D:$D=Z$6) * (IF($A$2=""전체"", TRUE, (YEAR('기록'!$A:$A)&"""")=$A$2)))), ""-""))"),"-") -> - | AA15: =IFERROR(__xludf.DUMMYFUNCTION("IF(AA$6="""", """", IFERROR(MAX(FILTER('기록'!$E:$E, ('기록'!$D:$D=AA$6) * (IF($A$2=""전체"", TRUE, (YEAR('기록'!$A:$A)&"""")=$A$2)))), ""-""))"),"-") -> - | AB15: =IFERROR(__xludf.DUMMYFUNCTION("IF(AB$6="""", """", IFERROR(MAX(FILTER('기록'!$E:$E, ('기록'!$D:$D=AB$6) * (IF($A$2=""전체"", TRUE, (YEAR('기록'!$A:$A)&"""")=$A$2)))), ""-""))"),"-") -> - | AC15: =IFERROR(__xludf.DUMMYFUNCTION("IF(AC$6="""", """", IFERROR(MAX(FILTER('기록'!$E:$E, ('기록'!$D:$D=AC$6) * (IF($A$2=""전체"", TRUE, (YEAR('기록'!$A:$A)&"""")=$A$2)))), ""-""))"),29000.0) -> 29000 | AD15: =IFERROR(__xludf.DUMMYFUNCTION("IF(AD$6="""", """", IFERROR(MAX(FILTER('기록'!$E:$E, ('기록'!$D:$D=AD$6) * (IF($A$2=""전체"", TRUE, (YEAR('기록'!$A:$A)&"""")=$A$2)))), ""-""))"),"-") -> - | AE15: =IFERROR(__xludf.DUMMYFUNCTION("IF(AE$6="""", """", IFERROR(MAX(FILTER('기록'!$E:$E, ('기록'!$D:$D=AE$6) * (IF($A$2=""전체"", TRUE, (YEAR('기록'!$A:$A)&"""")=$A$2)))), ""-""))"),"-") -> - | AF15: =IFERROR(__xludf.DUMMYFUNCTION("IF(AF$6="""", """", IFERROR(MAX(FILTER('기록'!$E:$E, ('기록'!$D:$D=AF$6) * (IF($A$2=""전체"", TRUE, (YEAR('기록'!$A:$A)&"""")=$A$2)))), ""-""))"),"-") -> - | AG15: =IFERROR(__xludf.DUMMYFUNCTION("IF(AG$6="""", """", IFERROR(MAX(FILTER('기록'!$E:$E, ('기록'!$D:$D=AG$6) * (IF($A$2=""전체"", TRUE, (YEAR('기록'!$A:$A)&"""")=$A$2)))), ""-""))"),47000.0) -> 47000 | AH15: =IFERROR(__xludf.DUMMYFUNCTION("IF(AH$6="""", """", IFERROR(MAX(FILTER('기록'!$E:$E, ('기록'!$D:$D=AH$6) * (IF($A$2=""전체"", TRUE, (YEAR('기록'!$A:$A)&"""")=$A$2)))), ""-""))"),74500.0) -> 74500 | AI15: =IFERROR(__xludf.DUMMYFUNCTION("IF(AI$6="""", """", IFERROR(MAX(FILTER('기록'!$E:$E, ('기록'!$D:$D=AI$6) * (IF($A$2=""전체"", TRUE, (YEAR('기록'!$A:$A)&"""")=$A$2)))), ""-""))"),45700.0) -> 45700
B16: 최저 점수 | C16: =IFERROR(__xludf.DUMMYFUNCTION("IF(C$6="""", """", IFERROR(MIN(FILTER('기록'!$E:$E, ('기록'!$D:$D=C$6) * (IF($A$2=""전체"", TRUE, (YEAR('기록'!$A:$A)&"""")=$A$2)))), ""-""))"),-2600.0) -> -2600 | D16: =IFERROR(__xludf.DUMMYFUNCTION("IF(D$6="""", """", IFERROR(MIN(FILTER('기록'!$E:$E, ('기록'!$D:$D=D$6) * (IF($A$2=""전체"", TRUE, (YEAR('기록'!$A:$A)&"""")=$A$2)))), ""-""))"),-1500.0) -> -1500 | E16: =IFERROR(__xludf.DUMMYFUNCTION("IF(E$6="""", """", IFERROR(MIN(FILTER('기록'!$E:$E, ('기록'!$D:$D=E$6) * (IF($A$2=""전체"", TRUE, (YEAR('기록'!$A:$A)&"""")=$A$2)))), ""-""))"),-100.0) -> -100 | F16: =IFERROR(__xludf.DUMMYFUNCTION("IF(F$6="""", """", IFERROR(MIN(FILTER('기록'!$E:$E, ('기록'!$D:$D=F$6) * (IF($A$2=""전체"", TRUE, (YEAR('기록'!$A:$A)&"""")=$A$2)))), ""-""))"),-5700.0) -> -5700 | G16: =IFERROR(__xludf.DUMMYFUNCTION("IF(G$6="""", """", IFERROR(MIN(FILTER('기록'!$E:$E, ('기록'!$D:$D=G$6) * (IF($A$2=""전체"", TRUE, (YEAR('기록'!$A:$A)&"""")=$A$2)))), ""-""))"),-1200.0) -> -1200 | H16: =IFERROR(__xludf.DUMMYFUNCTION("IF(H$6="""", """", IFERROR(MIN(FILTER('기록'!$E:$E, ('기록'!$D:$D=H$6) * (IF($A$2=""전체"", TRUE, (YEAR('기록'!$A:$A)&"""")=$A$2)))), ""-""))"),-3300.0) -> -3300 | I16: =IFERROR(__xludf.DUMMYFUNCTION("IF(I$6="""", """", IFERROR(MIN(FILTER('기록'!$E:$E, ('기록'!$D:$D=I$6) * (IF($A$2=""전체"", TRUE, (YEAR('기록'!$A:$A)&"""")=$A$2)))), ""-""))"),-200.0) -> -200 | J16: =IFERROR(__xludf.DUMMYFUNCTION("IF(J$6="""", """", IFERROR(MIN(FILTER('기록'!$E:$E, ('기록'!$D:$D=J$6) * (IF($A$2=""전체"", TRUE, (YEAR('기록'!$A:$A)&"""")=$A$2)))), ""-""))"),"-") -> - | K16: =IFERROR(__xludf.DUMMYFUNCTION("IF(K$6="""", """", IFERROR(MIN(FILTER('기록'!$E:$E, ('기록'!$D:$D=K$6) * (IF($A$2=""전체"", TRUE, (YEAR('기록'!$A:$A)&"""")=$A$2)))), ""-""))"),-6800.0) -> -6800 | L16: =IFERROR(__xludf.DUMMYFUNCTION("IF(L$6="""", """", IFERROR(MIN(FILTER('기록'!$E:$E, ('기록'!$D:$D=L$6) * (IF($A$2=""전체"", TRUE, (YEAR('기록'!$A:$A)&"""")=$A$2)))), ""-""))"),-3200.0) -> -3200 | M16: =IFERROR(__xludf.DUMMYFUNCTION("IF(M$6="""", """", IFERROR(MIN(FILTER('기록'!$E:$E, ('기록'!$D:$D=M$6) * (IF($A$2=""전체"", TRUE, (YEAR('기록'!$A:$A)&"""")=$A$2)))), ""-""))"),-3000.0) -> -3000 | N16: =IFERROR(__xludf.DUMMYFUNCTION("IF(N$6="""", """", IFERROR(MIN(FILTER('기록'!$E:$E, ('기록'!$D:$D=N$6) * (IF($A$2=""전체"", TRUE, (YEAR('기록'!$A:$A)&"""")=$A$2)))), ""-""))"),"-") -> - | O16: =IFERROR(__xludf.DUMMYFUNCTION("IF(O$6="""", """", IFERROR(MIN(FILTER('기록'!$E:$E, ('기록'!$D:$D=O$6) * (IF($A$2=""전체"", TRUE, (YEAR('기록'!$A:$A)&"""")=$A$2)))), ""-""))"),-10300.0) -> -10300 | P16: =IFERROR(__xludf.DUMMYFUNCTION("IF(P$6="""", """", IFERROR(MIN(FILTER('기록'!$E:$E, ('기록'!$D:$D=P$6) * (IF($A$2=""전체"", TRUE, (YEAR('기록'!$A:$A)&"""")=$A$2)))), ""-""))"),"-") -> - | Q16: =IFERROR(__xludf.DUMMYFUNCTION("IF(Q$6="""", """", IFERROR(MIN(FILTER('기록'!$E:$E, ('기록'!$D:$D=Q$6) * (IF($A$2=""전체"", TRUE, (YEAR('기록'!$A:$A)&"""")=$A$2)))), ""-""))"),"-") -> - | R16: =IFERROR(__xludf.DUMMYFUNCTION("IF(R$6="""", """", IFERROR(MIN(FILTER('기록'!$E:$E, ('기록'!$D:$D=R$6) * (IF($A$2=""전체"", TRUE, (YEAR('기록'!$A:$A)&"""")=$A$2)))), ""-""))"),"-") -> - | S16: =IFERROR(__xludf.DUMMYFUNCTION("IF(S$6="""", """", IFERROR(MIN(FILTER('기록'!$E:$E, ('기록'!$D:$D=S$6) * (IF($A$2=""전체"", TRUE, (YEAR('기록'!$A:$A)&"""")=$A$2)))), ""-""))"),"-") -> - | T16: =IFERROR(__xludf.DUMMYFUNCTION("IF(T$6="""", """", IFERROR(MIN(FILTER('기록'!$E:$E, ('기록'!$D:$D=T$6) * (IF($A$2=""전체"", TRUE, (YEAR('기록'!$A:$A)&"""")=$A$2)))), ""-""))"),"-") -> - | U16: =IFERROR(__xludf.DUMMYFUNCTION("IF(U$6="""", """", IFERROR(MIN(FILTER('기록'!$E:$E, ('기록'!$D:$D=U$6) * (IF($A$2=""전체"", TRUE, (YEAR('기록'!$A:$A)&"""")=$A$2)))), ""-""))"),"-") -> - | V16: =IFERROR(__xludf.DUMMYFUNCTION("IF(V$6="""", """", IFERROR(MIN(FILTER('기록'!$E:$E, ('기록'!$D:$D=V$6) * (IF($A$2=""전체"", TRUE, (YEAR('기록'!$A:$A)&"""")=$A$2)))), ""-""))"),8500.0) -> 8500 | W16: =IFERROR(__xludf.DUMMYFUNCTION("IF(W$6="""", """", IFERROR(MIN(FILTER('기록'!$E:$E, ('기록'!$D:$D=W$6) * (IF($A$2=""전체"", TRUE, (YEAR('기록'!$A:$A)&"""")=$A$2)))), ""-""))"),"-") -> - | X16: =IFERROR(__xludf.DUMMYFUNCTION("IF(X$6="""", """", IFERROR(MIN(FILTER('기록'!$E:$E, ('기록'!$D:$D=X$6) * (IF($A$2=""전체"", TRUE, (YEAR('기록'!$A:$A)&"""")=$A$2)))), ""-""))"),"-") -> - | Y16: =IFERROR(__xludf.DUMMYFUNCTION("IF(Y$6="""", """", IFERROR(MIN(FILTER('기록'!$E:$E, ('기록'!$D:$D=Y$6) * (IF($A$2=""전체"", TRUE, (YEAR('기록'!$A:$A)&"""")=$A$2)))), ""-""))"),"-") -> - | Z16: =IFERROR(__xludf.DUMMYFUNCTION("IF(Z$6="""", """", IFERROR(MIN(FILTER('기록'!$E:$E, ('기록'!$D:$D=Z$6) * (IF($A$2=""전체"", TRUE, (YEAR('기록'!$A:$A)&"""")=$A$2)))), ""-""))"),"-") -> - | AA16: =IFERROR(__xludf.DUMMYFUNCTION("IF(AA$6="""", """", IFERROR(MIN(FILTER('기록'!$E:$E, ('기록'!$D:$D=AA$6) * (IF($A$2=""전체"", TRUE, (YEAR('기록'!$A:$A)&"""")=$A$2)))), ""-""))"),"-") -> - | AB16: =IFERROR(__xludf.DUMMYFUNCTION("IF(AB$6="""", """", IFERROR(MIN(FILTER('기록'!$E:$E, ('기록'!$D:$D=AB$6) * (IF($A$2=""전체"", TRUE, (YEAR('기록'!$A:$A)&"""")=$A$2)))), ""-""))"),"-") -> - | AC16: =IFERROR(__xludf.DUMMYFUNCTION("IF(AC$6="""", """", IFERROR(MIN(FILTER('기록'!$E:$E, ('기록'!$D:$D=AC$6) * (IF($A$2=""전체"", TRUE, (YEAR('기록'!$A:$A)&"""")=$A$2)))), ""-""))"),-6100.0) -> -6100 | AD16: =IFERROR(__xludf.DUMMYFUNCTION("IF(AD$6="""", """", IFERROR(MIN(FILTER('기록'!$E:$E, ('기록'!$D:$D=AD$6) * (IF($A$2=""전체"", TRUE, (YEAR('기록'!$A:$A)&"""")=$A$2)))), ""-""))"),"-") -> - | AE16: =IFERROR(__xludf.DUMMYFUNCTION("IF(AE$6="""", """", IFERROR(MIN(FILTER('기록'!$E:$E, ('기록'!$D:$D=AE$6) * (IF($A$2=""전체"", TRUE, (YEAR('기록'!$A:$A)&"""")=$A$2)))), ""-""))"),"-") -> - | AF16: =IFERROR(__xludf.DUMMYFUNCTION("IF(AF$6="""", """", IFERROR(MIN(FILTER('기록'!$E:$E, ('기록'!$D:$D=AF$6) * (IF($A$2=""전체"", TRUE, (YEAR('기록'!$A:$A)&"""")=$A$2)))), ""-""))"),"-") -> - | AG16: =IFERROR(__xludf.DUMMYFUNCTION("IF(AG$6="""", """", IFERROR(MIN(FILTER('기록'!$E:$E, ('기록'!$D:$D=AG$6) * (IF($A$2=""전체"", TRUE, (YEAR('기록'!$A:$A)&"""")=$A$2)))), ""-""))"),-5700.0) -> -5700 | AH16: =IFERROR(__xludf.DUMMYFUNCTION("IF(AH$6="""", """", IFERROR(MIN(FILTER('기록'!$E:$E, ('기록'!$D:$D=AH$6) * (IF($A$2=""전체"", TRUE, (YEAR('기록'!$A:$A)&"""")=$A$2)))), ""-""))"),8800.0) -> 8800 | AI16: =IFERROR(__xludf.DUMMYFUNCTION("IF(AI$6="""", """", IFERROR(MIN(FILTER('기록'!$E:$E, ('기록'!$D:$D=AI$6) * (IF($A$2=""전체"", TRUE, (YEAR('기록'!$A:$A)&"""")=$A$2)))), ""-""))"),-200.0) -> -200
B17: 평균 득점 | C17: =IFERROR(__xludf.DUMMYFUNCTION("IF(C$6="""", """", IFERROR(AVERAGE(FILTER('기록'!$E:$E, ('기록'!$D:$D=C$6) * (IF($A$2=""전체"", TRUE, (YEAR('기록'!$A:$A)&"""")=$A$2)))), ""-""))"),25130.0) -> 25130 | D17: =IFERROR(__xludf.DUMMYFUNCTION("IF(D$6="""", """", IFERROR(AVERAGE(FILTER('기록'!$E:$E, ('기록'!$D:$D=D$6) * (IF($A$2=""전체"", TRUE, (YEAR('기록'!$A:$A)&"""")=$A$2)))), ""-""))"),27939.583333333332) -> 27939.583 | E17: =IFERROR(__xludf.DUMMYFUNCTION("IF(E$6="""", """", IFERROR(AVERAGE(FILTER('기록'!$E:$E, ('기록'!$D:$D=E$6) * (IF($A$2=""전체"", TRUE, (YEAR('기록'!$A:$A)&"""")=$A$2)))), ""-""))"),23394.736842105263) -> 23394.737 | F17: =IFERROR(__xludf.DUMMYFUNCTION("IF(F$6="""", """", IFERROR(AVERAGE(FILTER('기록'!$E:$E, ('기록'!$D:$D=F$6) * (IF($A$2=""전체"", TRUE, (YEAR('기록'!$A:$A)&"""")=$A$2)))), ""-""))"),23464.285714285714) -> 23464.286 | G17: =IFERROR(__xludf.DUMMYFUNCTION("IF(G$6="""", """", IFERROR(AVERAGE(FILTER('기록'!$E:$E, ('기록'!$D:$D=G$6) * (IF($A$2=""전체"", TRUE, (YEAR('기록'!$A:$A)&"""")=$A$2)))), ""-""))"),23405.263157894737) -> 23405.263 | H17: =IFERROR(__xludf.DUMMYFUNCTION("IF(H$6="""", """", IFERROR(AVERAGE(FILTER('기록'!$E:$E, ('기록'!$D:$D=H$6) * (IF($A$2=""전체"", TRUE, (YEAR('기록'!$A:$A)&"""")=$A$2)))), ""-""))"),21290.0) -> 21290 | I17: =IFERROR(__xludf.DUMMYFUNCTION("IF(I$6="""", """", IFERROR(AVERAGE(FILTER('기록'!$E:$E, ('기록'!$D:$D=I$6) * (IF($A$2=""전체"", TRUE, (YEAR('기록'!$A:$A)&"""")=$A$2)))), ""-""))"),26357.14285714286) -> 26357.143 | J17: =IFERROR(__xludf.DUMMYFUNCTION("IF(J$6="""", """", IFERROR(AVERAGE(FILTER('기록'!$E:$E, ('기록'!$D:$D=J$6) * (IF($A$2=""전체"", TRUE, (YEAR('기록'!$A:$A)&"""")=$A$2)))), ""-""))"),"-") -> - | K17: =IFERROR(__xludf.DUMMYFUNCTION("IF(K$6="""", """", IFERROR(AVERAGE(FILTER('기록'!$E:$E, ('기록'!$D:$D=K$6) * (IF($A$2=""전체"", TRUE, (YEAR('기록'!$A:$A)&"""")=$A$2)))), ""-""))"),17871.428571428572) -> 17871.429 | L17: =IFERROR(__xludf.DUMMYFUNCTION("IF(L$6="""", """", IFERROR(AVERAGE(FILTER('기록'!$E:$E, ('기록'!$D:$D=L$6) * (IF($A$2=""전체"", TRUE, (YEAR('기록'!$A:$A)&"""")=$A$2)))), ""-""))"),33441.17647058824) -> 33441.176 | M17: =IFERROR(__xludf.DUMMYFUNCTION("IF(M$6="""", """", IFERROR(AVERAGE(FILTER('기록'!$E:$E, ('기록'!$D:$D=M$6) * (IF($A$2=""전체"", TRUE, (YEAR('기록'!$A:$A)&"""")=$A$2)))), ""-""))"),28810.81081081081) -> 28810.811 | N17: =IFERROR(__xludf.DUMMYFUNCTION("IF(N$6="""", """", IFERROR(AVERAGE(FILTER('기록'!$E:$E, ('기록'!$D:$D=N$6) * (IF($A$2=""전체"", TRUE, (YEAR('기록'!$A:$A)&"""")=$A$2)))), ""-""))"),"-") -> - | O17: =IFERROR(__xludf.DUMMYFUNCTION("IF(O$6="""", """", IFERROR(AVERAGE(FILTER('기록'!$E:$E, ('기록'!$D:$D=O$6) * (IF($A$2=""전체"", TRUE, (YEAR('기록'!$A:$A)&"""")=$A$2)))), ""-""))"),10880.0) -> 10880 | P17: =IFERROR(__xludf.DUMMYFUNCTION("IF(P$6="""", """", IFERROR(AVERAGE(FILTER('기록'!$E:$E, ('기록'!$D:$D=P$6) * (IF($A$2=""전체"", TRUE, (YEAR('기록'!$A:$A)&"""")=$A$2)))), ""-""))"),"-") -> - | Q17: =IFERROR(__xludf.DUMMYFUNCTION("IF(Q$6="""", """", IFERROR(AVERAGE(FILTER('기록'!$E:$E, ('기록'!$D:$D=Q$6) * (IF($A$2=""전체"", TRUE, (YEAR('기록'!$A:$A)&"""")=$A$2)))), ""-""))"),"-") -> - | R17: =IFERROR(__xludf.DUMMYFUNCTION("IF(R$6="""", """", IFERROR(AVERAGE(FILTER('기록'!$E:$E, ('기록'!$D:$D=R$6) * (IF($A$2=""전체"", TRUE, (YEAR('기록'!$A:$A)&"""")=$A$2)))), ""-""))"),"-") -> - | S17: =IFERROR(__xludf.DUMMYFUNCTION("IF(S$6="""", """", IFERROR(AVERAGE(FILTER('기록'!$E:$E, ('기록'!$D:$D=S$6) * (IF($A$2=""전체"", TRUE, (YEAR('기록'!$A:$A)&"""")=$A$2)))), ""-""))"),"-") -> - | T17: =IFERROR(__xludf.DUMMYFUNCTION("IF(T$6="""", """", IFERROR(AVERAGE(FILTER('기록'!$E:$E, ('기록'!$D:$D=T$6) * (IF($A$2=""전체"", TRUE, (YEAR('기록'!$A:$A)&"""")=$A$2)))), ""-""))"),"-") -> - | U17: =IFERROR(__xludf.DUMMYFUNCTION("IF(U$6="""", """", IFERROR(AVERAGE(FILTER('기록'!$E:$E, ('기록'!$D:$D=U$6) * (IF($A$2=""전체"", TRUE, (YEAR('기록'!$A:$A)&"""")=$A$2)))), ""-""))"),"-") -> - | V17: =IFERROR(__xludf.DUMMYFUNCTION("IF(V$6="""", """", IFERROR(AVERAGE(FILTER('기록'!$E:$E, ('기록'!$D:$D=V$6) * (IF($A$2=""전체"", TRUE, (YEAR('기록'!$A:$A)&"""")=$A$2)))), ""-""))"),22491.666666666668) -> 22491.667 | W17: =IFERROR(__xludf.DUMMYFUNCTION("IF(W$6="""", """", IFERROR(AVERAGE(FILTER('기록'!$E:$E, ('기록'!$D:$D=W$6) * (IF($A$2=""전체"", TRUE, (YEAR('기록'!$A:$A)&"""")=$A$2)))), ""-""))"),"-") -> - | X17: =IFERROR(__xludf.DUMMYFUNCTION("IF(X$6="""", """", IFERROR(AVERAGE(FILTER('기록'!$E:$E, ('기록'!$D:$D=X$6) * (IF($A$2=""전체"", TRUE, (YEAR('기록'!$A:$A)&"""")=$A$2)))), ""-""))"),"-") -> - | Y17: =IFERROR(__xludf.DUMMYFUNCTION("IF(Y$6="""", """", IFERROR(AVERAGE(FILTER('기록'!$E:$E, ('기록'!$D:$D=Y$6) * (IF($A$2=""전체"", TRUE, (YEAR('기록'!$A:$A)&"""")=$A$2)))), ""-""))"),"-") -> - | Z17: =IFERROR(__xludf.DUMMYFUNCTION("IF(Z$6="""", """", IFERROR(AVERAGE(FILTER('기록'!$E:$E, ('기록'!$D:$D=Z$6) * (IF($A$2=""전체"", TRUE, (YEAR('기록'!$A:$A)&"""")=$A$2)))), ""-""))"),"-") -> - | AA17: =IFERROR(__xludf.DUMMYFUNCTION("IF(AA$6="""", """", IFERROR(AVERAGE(FILTER('기록'!$E:$E, ('기록'!$D:$D=AA$6) * (IF($A$2=""전체"", TRUE, (YEAR('기록'!$A:$A)&"""")=$A$2)))), ""-""))"),"-") -> - | AB17: =IFERROR(__xludf.DUMMYFUNCTION("IF(AB$6="""", """", IFERROR(AVERAGE(FILTER('기록'!$E:$E, ('기록'!$D:$D=AB$6) * (IF($A$2=""전체"", TRUE, (YEAR('기록'!$A:$A)&"""")=$A$2)))), ""-""))"),"-") -> - | AC17: =IFERROR(__xludf.DUMMYFUNCTION("IF(AC$6="""", """", IFERROR(AVERAGE(FILTER('기록'!$E:$E, ('기록'!$D:$D=AC$6) * (IF($A$2=""전체"", TRUE, (YEAR('기록'!$A:$A)&"""")=$A$2)))), ""-""))"),14233.333333333334) -> 14233.333 | AD17: =IFERROR(__xludf.DUMMYFUNCTION("IF(AD$6="""", """", IFERROR(AVERAGE(FILTER('기록'!$E:$E, ('기록'!$D:$D=AD$6) * (IF($A$2=""전체"", TRUE, (YEAR('기록'!$A:$A)&"""")=$A$2)))), ""-""))"),"-") -> - | AE17: =IFERROR(__xludf.DUMMYFUNCTION("IF(AE$6="""", """", IFERROR(AVERAGE(FILTER('기록'!$E:$E, ('기록'!$D:$D=AE$6) * (IF($A$2=""전체"", TRUE, (YEAR('기록'!$A:$A)&"""")=$A$2)))), ""-""))"),"-") -> - | AF17: =IFERROR(__xludf.DUMMYFUNCTION("IF(AF$6="""", """", IFERROR(AVERAGE(FILTER('기록'!$E:$E, ('기록'!$D:$D=AF$6) * (IF($A$2=""전체"", TRUE, (YEAR('기록'!$A:$A)&"""")=$A$2)))), ""-""))"),"-") -> - | AG17: =IFERROR(__xludf.DUMMYFUNCTION("IF(AG$6="""", """", IFERROR(AVERAGE(FILTER('기록'!$E:$E, ('기록'!$D:$D=AG$6) * (IF($A$2=""전체"", TRUE, (YEAR('기록'!$A:$A)&"""")=$A$2)))), ""-""))"),18875.0) -> 18875 | AH17: =IFERROR(__xludf.DUMMYFUNCTION("IF(AH$6="""", """", IFERROR(AVERAGE(FILTER('기록'!$E:$E, ('기록'!$D:$D=AH$6) * (IF($A$2=""전체"", TRUE, (YEAR('기록'!$A:$A)&"""")=$A$2)))), ""-""))"),26983.333333333332) -> 26983.333 | AI17: =IFERROR(__xludf.DUMMYFUNCTION("IF(AI$6="""", """", IFERROR(AVERAGE(FILTER('기록'!$E:$E, ('기록'!$D:$D=AI$6) * (IF($A$2=""전체"", TRUE, (YEAR('기록'!$A:$A)&"""")=$A$2)))), ""-""))"),20983.333333333332) -> 20983.333
B19: 총 우마 | C19: =IFERROR(__xludf.DUMMYFUNCTION("IF(C$6="""", """", IFERROR(SUM(FILTER('기록'!$G:$G, ('기록'!$D:$D=C$6) * (IF($A$2=""전체"", TRUE, (YEAR('기록'!$A:$A)&"""")=$A$2)))), ""-""))"),-17.40000000000001) -> -17.4 | D19: =IFERROR(__xludf.DUMMYFUNCTION("IF(D$6="""", """", IFERROR(SUM(FILTER('기록'!$G:$G, ('기록'!$D:$D=D$6) * (IF($A$2=""전체"", TRUE, (YEAR('기록'!$A:$A)&"""")=$A$2)))), ""-""))"),421.09999999999985) -> 421.1 | E19: =IFERROR(__xludf.DUMMYFUNCTION("IF(E$6="""", """", IFERROR(SUM(FILTER('기록'!$G:$G, ('기록'!$D:$D=E$6) * (IF($A$2=""전체"", TRUE, (YEAR('기록'!$A:$A)&"""")=$A$2)))), ""-""))"),-65.50000000000003) -> -65.5 | F19: =IFERROR(__xludf.DUMMYFUNCTION("IF(F$6="""", """", IFERROR(SUM(FILTER('기록'!$G:$G, ('기록'!$D:$D=F$6) * (IF($A$2=""전체"", TRUE, (YEAR('기록'!$A:$A)&"""")=$A$2)))), ""-""))"),-172.99999999999997) -> -173 | G19: =IFERROR(__xludf.DUMMYFUNCTION("IF(G$6="""", """", IFERROR(SUM(FILTER('기록'!$G:$G, ('기록'!$D:$D=G$6) * (IF($A$2=""전체"", TRUE, (YEAR('기록'!$A:$A)&"""")=$A$2)))), ""-""))"),-105.3) -> -105.3 | H19: =IFERROR(__xludf.DUMMYFUNCTION("IF(H$6="""", """", IFERROR(SUM(FILTER('기록'!$G:$G, ('기록'!$D:$D=H$6) * (IF($A$2=""전체"", TRUE, (YEAR('기록'!$A:$A)&"""")=$A$2)))), ""-""))"),-77.09999999999998) -> -77.1 | I19: =IFERROR(__xludf.DUMMYFUNCTION("IF(I$6="""", """", IFERROR(SUM(FILTER('기록'!$G:$G, ('기록'!$D:$D=I$6) * (IF($A$2=""전체"", TRUE, (YEAR('기록'!$A:$A)&"""")=$A$2)))), ""-""))"),44.49999999999999) -> 44.5 | J19: =IFERROR(__xludf.DUMMYFUNCTION("IF(J$6="""", """", IFERROR(SUM(FILTER('기록'!$G:$G, ('기록'!$D:$D=J$6) * (IF($A$2=""전체"", TRUE, (YEAR('기록'!$A:$A)&"""")=$A$2)))), ""-""))"),"-") -> - | K19: =IFERROR(__xludf.DUMMYFUNCTION("IF(K$6="""", """", IFERROR(SUM(FILTER('기록'!$G:$G, ('기록'!$D:$D=K$6) * (IF($A$2=""전체"", TRUE, (YEAR('기록'!$A:$A)&"""")=$A$2)))), ""-""))"),-44.900000000000006) -> -44.9 | L19: =IFERROR(__xludf.DUMMYFUNCTION("IF(L$6="""", """", IFERROR(SUM(FILTER('기록'!$G:$G, ('기록'!$D:$D=L$6) * (IF($A$2=""전체"", TRUE, (YEAR('기록'!$A:$A)&"""")=$A$2)))), ""-""))"),258.5) -> 258.5 | M19: =IFERROR(__xludf.DUMMYFUNCTION("IF(M$6="""", """", IFERROR(SUM(FILTER('기록'!$G:$G, ('기록'!$D:$D=M$6) * (IF($A$2=""전체"", TRUE, (YEAR('기록'!$A:$A)&"""")=$A$2)))), ""-""))"),376.0) -> 376 | N19: =IFERROR(__xludf.DUMMYFUNCTION("IF(N$6="""", """", IFERROR(SUM(FILTER('기록'!$G:$G, ('기록'!$D:$D=N$6) * (IF($A$2=""전체"", TRUE, (YEAR('기록'!$A:$A)&"""")=$A$2)))), ""-""))"),"-") -> - | O19: =IFERROR(__xludf.DUMMYFUNCTION("IF(O$6="""", """", IFERROR(SUM(FILTER('기록'!$G:$G, ('기록'!$D:$D=O$6) * (IF($A$2=""전체"", TRUE, (YEAR('기록'!$A:$A)&"""")=$A$2)))), ""-""))"),-155.60000000000002) -> -155.6 | P19: =IFERROR(__xludf.DUMMYFUNCTION("IF(P$6="""", """", IFERROR(SUM(FILTER('기록'!$G:$G, ('기록'!$D:$D=P$6) * (IF($A$2=""전체"", TRUE, (YEAR('기록'!$A:$A)&"""")=$A$2)))), ""-""))"),"-") -> - | Q19: =IFERROR(__xludf.DUMMYFUNCTION("IF(Q$6="""", """", IFERROR(SUM(FILTER('기록'!$G:$G, ('기록'!$D:$D=Q$6) * (IF($A$2=""전체"", TRUE, (YEAR('기록'!$A:$A)&"""")=$A$2)))), ""-""))"),"-") -> - | R19: =IFERROR(__xludf.DUMMYFUNCTION("IF(R$6="""", """", IFERROR(SUM(FILTER('기록'!$G:$G, ('기록'!$D:$D=R$6) * (IF($A$2=""전체"", TRUE, (YEAR('기록'!$A:$A)&"""")=$A$2)))), ""-""))"),"-") -> - | S19: =IFERROR(__xludf.DUMMYFUNCTION("IF(S$6="""", """", IFERROR(SUM(FILTER('기록'!$G:$G, ('기록'!$D:$D=S$6) * (IF($A$2=""전체"", TRUE, (YEAR('기록'!$A:$A)&"""")=$A$2)))), ""-""))"),"-") -> - | T19: =IFERROR(__xludf.DUMMYFUNCTION("IF(T$6="""", """", IFERROR(SUM(FILTER('기록'!$G:$G, ('기록'!$D:$D=T$6) * (IF($A$2=""전체"", TRUE, (YEAR('기록'!$A:$A)&"""")=$A$2)))), ""-""))"),"-") -> - | U19: =IFERROR(__xludf.DUMMYFUNCTION("IF(U$6="""", """", IFERROR(SUM(FILTER('기록'!$G:$G, ('기록'!$D:$D=U$6) * (IF($A$2=""전체"", TRUE, (YEAR('기록'!$A:$A)&"""")=$A$2)))), ""-""))"),"-") -> - | V19: =IFERROR(__xludf.DUMMYFUNCTION("IF(V$6="""", """", IFERROR(SUM(FILTER('기록'!$G:$G, ('기록'!$D:$D=V$6) * (IF($A$2=""전체"", TRUE, (YEAR('기록'!$A:$A)&"""")=$A$2)))), ""-""))"),-70.1) -> -70.1 | W19: =IFERROR(__xludf.DUMMYFUNCTION("IF(W$6="""", """", IFERROR(SUM(FILTER('기록'!$G:$G, ('기록'!$D:$D=W$6) * (IF($A$2=""전체"", TRUE, (YEAR('기록'!$A:$A)&"""")=$A$2)))), ""-""))"),"-") -> - | X19: =IFERROR(__xludf.DUMMYFUNCTION("IF(X$6="""", """", IFERROR(SUM(FILTER('기록'!$G:$G, ('기록'!$D:$D=X$6) * (IF($A$2=""전체"", TRUE, (YEAR('기록'!$A:$A)&"""")=$A$2)))), ""-""))"),"-") -> - | Y19: =IFERROR(__xludf.DUMMYFUNCTION("IF(Y$6="""", """", IFERROR(SUM(FILTER('기록'!$G:$G, ('기록'!$D:$D=Y$6) * (IF($A$2=""전체"", TRUE, (YEAR('기록'!$A:$A)&"""")=$A$2)))), ""-""))"),"-") -> - | Z19: =IFERROR(__xludf.DUMMYFUNCTION("IF(Z$6="""", """", IFERROR(SUM(FILTER('기록'!$G:$G, ('기록'!$D:$D=Z$6) * (IF($A$2=""전체"", TRUE, (YEAR('기록'!$A:$A)&"""")=$A$2)))), ""-""))"),"-") -> - | AA19: =IFERROR(__xludf.DUMMYFUNCTION("IF(AA$6="""", """", IFERROR(SUM(FILTER('기록'!$G:$G, ('기록'!$D:$D=AA$6) * (IF($A$2=""전체"", TRUE, (YEAR('기록'!$A:$A)&"""")=$A$2)))), ""-""))"),"-") -> - | AB19: =IFERROR(__xludf.DUMMYFUNCTION("IF(AB$6="""", """", IFERROR(SUM(FILTER('기록'!$G:$G, ('기록'!$D:$D=AB$6) * (IF($A$2=""전체"", TRUE, (YEAR('기록'!$A:$A)&"""")=$A$2)))), ""-""))"),"-") -> - | AC19: =IFERROR(__xludf.DUMMYFUNCTION("IF(AC$6="""", """", IFERROR(SUM(FILTER('기록'!$G:$G, ('기록'!$D:$D=AC$6) * (IF($A$2=""전체"", TRUE, (YEAR('기록'!$A:$A)&"""")=$A$2)))), ""-""))"),-231.90000000000003) -> -231.9 | AD19: =IFERROR(__xludf.DUMMYFUNCTION("IF(AD$6="""", """", IFERROR(SUM(FILTER('기록'!$G:$G, ('기록'!$D:$D=AD$6) * (IF($A$2=""전체"", TRUE, (YEAR('기록'!$A:$A)&"""")=$A$2)))), ""-""))"),"-") -> - | AE19: =IFERROR(__xludf.DUMMYFUNCTION("IF(AE$6="""", """", IFERROR(SUM(FILTER('기록'!$G:$G, ('기록'!$D:$D=AE$6) * (IF($A$2=""전체"", TRUE, (YEAR('기록'!$A:$A)&"""")=$A$2)))), ""-""))"),"-") -> - | AF19: =IFERROR(__xludf.DUMMYFUNCTION("IF(AF$6="""", """", IFERROR(SUM(FILTER('기록'!$G:$G, ('기록'!$D:$D=AF$6) * (IF($A$2=""전체"", TRUE, (YEAR('기록'!$A:$A)&"""")=$A$2)))), ""-""))"),"-") -> - | AG19: =IFERROR(__xludf.DUMMYFUNCTION("IF(AG$6="""", """", IFERROR(SUM(FILTER('기록'!$G:$G, ('기록'!$D:$D=AG$6) * (IF($A$2=""전체"", TRUE, (YEAR('기록'!$A:$A)&"""")=$A$2)))), ""-""))"),-68.99999999999999) -> -69 | AH19: =IFERROR(__xludf.DUMMYFUNCTION("IF(AH$6="""", """", IFERROR(SUM(FILTER('기록'!$G:$G, ('기록'!$D:$D=AH$6) * (IF($A$2=""전체"", TRUE, (YEAR('기록'!$A:$A)&"""")=$A$2)))), ""-""))"),-56.2) -> -56.2 | AI19: =IFERROR(__xludf.DUMMYFUNCTION("IF(AI$6="""", """", IFERROR(SUM(FILTER('기록'!$G:$G, ('기록'!$D:$D=AI$6) * (IF($A$2=""전체"", TRUE, (YEAR('기록'!$A:$A)&"""")=$A$2)))), ""-""))"),-34.099999999999994) -> -34.1
B20: 평균 우마 | C20: =IFERROR(__xludf.DUMMYFUNCTION("IF(C$6="""", """", IFERROR(AVERAGE(FILTER('기록'!$G:$G, ('기록'!$D:$D=C$6) * (IF($A$2=""전체"", TRUE, (YEAR('기록'!$A:$A)&"""")=$A$2)))), ""-""))"),-0.8700000000000004) -> -0.87 | D20: =IFERROR(__xludf.DUMMYFUNCTION("IF(D$6="""", """", IFERROR(AVERAGE(FILTER('기록'!$G:$G, ('기록'!$D:$D=D$6) * (IF($A$2=""전체"", TRUE, (YEAR('기록'!$A:$A)&"""")=$A$2)))), ""-""))"),8.772916666666664) -> 8.7729167 | E20: =IFERROR(__xludf.DUMMYFUNCTION("IF(E$6="""", """", IFERROR(AVERAGE(FILTER('기록'!$G:$G, ('기록'!$D:$D=E$6) * (IF($A$2=""전체"", TRUE, (YEAR('기록'!$A:$A)&"""")=$A$2)))), ""-""))"),-3.447368421052633) -> -3.4473684 | F20: =IFERROR(__xludf.DUMMYFUNCTION("IF(F$6="""", """", IFERROR(AVERAGE(FILTER('기록'!$G:$G, ('기록'!$D:$D=F$6) * (IF($A$2=""전체"", TRUE, (YEAR('기록'!$A:$A)&"""")=$A$2)))), ""-""))"),-6.178571428571428) -> -6.1785714 | G20: =IFERROR(__xludf.DUMMYFUNCTION("IF(G$6="""", """", IFERROR(AVERAGE(FILTER('기록'!$G:$G, ('기록'!$D:$D=G$6) * (IF($A$2=""전체"", TRUE, (YEAR('기록'!$A:$A)&"""")=$A$2)))), ""-""))"),-5.542105263157895) -> -5.5421053 | H20: =IFERROR(__xludf.DUMMYFUNCTION("IF(H$6="""", """", IFERROR(AVERAGE(FILTER('기록'!$G:$G, ('기록'!$D:$D=H$6) * (IF($A$2=""전체"", TRUE, (YEAR('기록'!$A:$A)&"""")=$A$2)))), ""-""))"),-7.709999999999998) -> -7.71 | I20: =IFERROR(__xludf.DUMMYFUNCTION("IF(I$6="""", """", IFERROR(AVERAGE(FILTER('기록'!$G:$G, ('기록'!$D:$D=I$6) * (IF($A$2=""전체"", TRUE, (YEAR('기록'!$A:$A)&"""")=$A$2)))), ""-""))"),6.357142857142856) -> 6.3571429 | J20: =IFERROR(__xludf.DUMMYFUNCTION("IF(J$6="""", """", IFERROR(AVERAGE(FILTER('기록'!$G:$G, ('기록'!$D:$D=J$6) * (IF($A$2=""전체"", TRUE, (YEAR('기록'!$A:$A)&"""")=$A$2)))), ""-""))"),"-") -> - | K20: =IFERROR(__xludf.DUMMYFUNCTION("IF(K$6="""", """", IFERROR(AVERAGE(FILTER('기록'!$G:$G, ('기록'!$D:$D=K$6) * (IF($A$2=""전체"", TRUE, (YEAR('기록'!$A:$A)&"""")=$A$2)))), ""-""))"),-6.4142857142857155) -> -6.4142857 | L20: =IFERROR(__xludf.DUMMYFUNCTION("IF(L$6="""", """", IFERROR(AVERAGE(FILTER('기록'!$G:$G, ('기록'!$D:$D=L$6) * (IF($A$2=""전체"", TRUE, (YEAR('기록'!$A:$A)&"""")=$A$2)))), ""-""))"),15.205882352941176) -> 15.205882 | M20: =IFERROR(__xludf.DUMMYFUNCTION("IF(M$6="""", """", IFERROR(AVERAGE(FILTER('기록'!$G:$G, ('기록'!$D:$D=M$6) * (IF($A$2=""전체"", TRUE, (YEAR('기록'!$A:$A)&"""")=$A$2)))), ""-""))"),10.162162162162161) -> 10.162162 | N20: =IFERROR(__xludf.DUMMYFUNCTION("IF(N$6="""", """", IFERROR(AVERAGE(FILTER('기록'!$G:$G, ('기록'!$D:$D=N$6) * (IF($A$2=""전체"", TRUE, (YEAR('기록'!$A:$A)&"""")=$A$2)))), ""-""))"),"-") -> - | O20: =IFERROR(__xludf.DUMMYFUNCTION("IF(O$6="""", """", IFERROR(AVERAGE(FILTER('기록'!$G:$G, ('기록'!$D:$D=O$6) * (IF($A$2=""전체"", TRUE, (YEAR('기록'!$A:$A)&"""")=$A$2)))), ""-""))"),-31.120000000000005) -> -31.12 | P20: =IFERROR(__xludf.DUMMYFUNCTION("IF(P$6="""", """", IFERROR(AVERAGE(FILTER('기록'!$G:$G, ('기록'!$D:$D=P$6) * (IF($A$2=""전체"", TRUE, (YEAR('기록'!$A:$A)&"""")=$A$2)))), ""-""))"),"-") -> - | Q20: =IFERROR(__xludf.DUMMYFUNCTION("IF(Q$6="""", """", IFERROR(AVERAGE(FILTER('기록'!$G:$G, ('기록'!$D:$D=Q$6) * (IF($A$2=""전체"", TRUE, (YEAR('기록'!$A:$A)&"""")=$A$2)))), ""-""))"),"-") -> - | R20: =IFERROR(__xludf.DUMMYFUNCTION("IF(R$6="""", """", IFERROR(AVERAGE(FILTER('기록'!$G:$G, ('기록'!$D:$D=R$6) * (IF($A$2=""전체"", TRUE, (YEAR('기록'!$A:$A)&"""")=$A$2)))), ""-""))"),"-") -> - | S20: =IFERROR(__xludf.DUMMYFUNCTION("IF(S$6="""", """", IFERROR(AVERAGE(FILTER('기록'!$G:$G, ('기록'!$D:$D=S$6) * (IF($A$2=""전체"", TRUE, (YEAR('기록'!$A:$A)&"""")=$A$2)))), ""-""))"),"-") -> - | T20: =IFERROR(__xludf.DUMMYFUNCTION("IF(T$6="""", """", IFERROR(AVERAGE(FILTER('기록'!$G:$G, ('기록'!$D:$D=T$6) * (IF($A$2=""전체"", TRUE, (YEAR('기록'!$A:$A)&"""")=$A$2)))), ""-""))"),"-") -> - | U20: =IFERROR(__xludf.DUMMYFUNCTION("IF(U$6="""", """", IFERROR(AVERAGE(FILTER('기록'!$G:$G, ('기록'!$D:$D=U$6) * (IF($A$2=""전체"", TRUE, (YEAR('기록'!$A:$A)&"""")=$A$2)))), ""-""))"),"-") -> - | V20: =IFERROR(__xludf.DUMMYFUNCTION("IF(V$6="""", """", IFERROR(AVERAGE(FILTER('기록'!$G:$G, ('기록'!$D:$D=V$6) * (IF($A$2=""전체"", TRUE, (YEAR('기록'!$A:$A)&"""")=$A$2)))), ""-""))"),-5.841666666666666) -> -5.8416667 | W20: =IFERROR(__xludf.DUMMYFUNCTION("IF(W$6="""", """", IFERROR(AVERAGE(FILTER('기록'!$G:$G, ('기록'!$D:$D=W$6) * (IF($A$2=""전체"", TRUE, (YEAR('기록'!$A:$A)&"""")=$A$2)))), ""-""))"),"-") -> - | X20: =IFERROR(__xludf.DUMMYFUNCTION("IF(X$6="""", """", IFERROR(AVERAGE(FILTER('기록'!$G:$G, ('기록'!$D:$D=X$6) * (IF($A$2=""전체"", TRUE, (YEAR('기록'!$A:$A)&"""")=$A$2)))), ""-""))"),"-") -> - | Y20: =IFERROR(__xludf.DUMMYFUNCTION("IF(Y$6="""", """", IFERROR(AVERAGE(FILTER('기록'!$G:$G, ('기록'!$D:$D=Y$6) * (IF($A$2=""전체"", TRUE, (YEAR('기록'!$A:$A)&"""")=$A$2)))), ""-""))"),"-") -> - | Z20: =IFERROR(__xludf.DUMMYFUNCTION("IF(Z$6="""", """", IFERROR(AVERAGE(FILTER('기록'!$G:$G, ('기록'!$D:$D=Z$6) * (IF($A$2=""전체"", TRUE, (YEAR('기록'!$A:$A)&"""")=$A$2)))), ""-""))"),"-") -> - | AA20: =IFERROR(__xludf.DUMMYFUNCTION("IF(AA$6="""", """", IFERROR(AVERAGE(FILTER('기록'!$G:$G, ('기록'!$D:$D=AA$6) * (IF($A$2=""전체"", TRUE, (YEAR('기록'!$A:$A)&"""")=$A$2)))), ""-""))"),"-") -> - | AB20: =IFERROR(__xludf.DUMMYFUNCTION("IF(AB$6="""", """", IFERROR(AVERAGE(FILTER('기록'!$G:$G, ('기록'!$D:$D=AB$6) * (IF($A$2=""전체"", TRUE, (YEAR('기록'!$A:$A)&"""")=$A$2)))), ""-""))"),"-") -> - | AC20: =IFERROR(__xludf.DUMMYFUNCTION("IF(AC$6="""", """", IFERROR(AVERAGE(FILTER('기록'!$G:$G, ('기록'!$D:$D=AC$6) * (IF($A$2=""전체"", TRUE, (YEAR('기록'!$A:$A)&"""")=$A$2)))), ""-""))"),-25.76666666666667) -> -25.766667 | AD20: =IFERROR(__xludf.DUMMYFUNCTION("IF(AD$6="""", """", IFERROR(AVERAGE(FILTER('기록'!$G:$G, ('기록'!$D:$D=AD$6) * (IF($A$2=""전체"", TRUE, (YEAR('기록'!$A:$A)&"""")=$A$2)))), ""-""))"),"-") -> - | AE20: =IFERROR(__xludf.DUMMYFUNCTION("IF(AE$6="""", """", IFERROR(AVERAGE(FILTER('기록'!$G:$G, ('기록'!$D:$D=AE$6) * (IF($A$2=""전체"", TRUE, (YEAR('기록'!$A:$A)&"""")=$A$2)))), ""-""))"),"-") -> - | AF20: =IFERROR(__xludf.DUMMYFUNCTION("IF(AF$6="""", """", IFERROR(AVERAGE(FILTER('기록'!$G:$G, ('기록'!$D:$D=AF$6) * (IF($A$2=""전체"", TRUE, (YEAR('기록'!$A:$A)&"""")=$A$2)))), ""-""))"),"-") -> - | AG20: =IFERROR(__xludf.DUMMYFUNCTION("IF(AG$6="""", """", IFERROR(AVERAGE(FILTER('기록'!$G:$G, ('기록'!$D:$D=AG$6) * (IF($A$2=""전체"", TRUE, (YEAR('기록'!$A:$A)&"""")=$A$2)))), ""-""))"),-8.624999999999998) -> -8.625 | AH20: =IFERROR(__xludf.DUMMYFUNCTION("IF(AH$6="""", """", IFERROR(AVERAGE(FILTER('기록'!$G:$G, ('기록'!$D:$D=AH$6) * (IF($A$2=""전체"", TRUE, (YEAR('기록'!$A:$A)&"""")=$A$2)))), ""-""))"),-4.683333333333334) -> -4.6833333 | AI20: =IFERROR(__xludf.DUMMYFUNCTION("IF(AI$6="""", """", IFERROR(AVERAGE(FILTER('기록'!$G:$G, ('기록'!$D:$D=AI$6) * (IF($A$2=""전체"", TRUE, (YEAR('기록'!$A:$A)&"""")=$A$2)))), ""-""))"),-5.683333333333333) -> -5.6833333
B21: 평균 순위 | C21: =IFERROR(__xludf.DUMMYFUNCTION("IF(C$6="""", """", IFERROR(AVERAGE(FILTER('기록'!$F:$F, ('기록'!$D:$D=C$6) * (IF($A$2=""전체"", TRUE, (YEAR('기록'!$A:$A)&"""")=$A$2)))), ""-""))"),2.55) -> 2.55 | D21: =IFERROR(__xludf.DUMMYFUNCTION("IF(D$6="""", """", IFERROR(AVERAGE(FILTER('기록'!$F:$F, ('기록'!$D:$D=D$6) * (IF($A$2=""전체"", TRUE, (YEAR('기록'!$A:$A)&"""")=$A$2)))), ""-""))"),2.1666666666666665) -> 2.1666667 | E21: =IFERROR(__xludf.DUMMYFUNCTION("IF(E$6="""", """", IFERROR(AVERAGE(FILTER('기록'!$F:$F, ('기록'!$D:$D=E$6) * (IF($A$2=""전체"", TRUE, (YEAR('기록'!$A:$A)&"""")=$A$2)))), ""-""))"),2.6842105263157894) -> 2.6842105 | F21: =IFERROR(__xludf.DUMMYFUNCTION("IF(F$6="""", """", IFERROR(AVERAGE(FILTER('기록'!$F:$F, ('기록'!$D:$D=F$6) * (IF($A$2=""전체"", TRUE, (YEAR('기록'!$A:$A)&"""")=$A$2)))), ""-""))"),2.75) -> 2.75 | G21: =IFERROR(__xludf.DUMMYFUNCTION("IF(G$6="""", """", IFERROR(AVERAGE(FILTER('기록'!$F:$F, ('기록'!$D:$D=G$6) * (IF($A$2=""전체"", TRUE, (YEAR('기록'!$A:$A)&"""")=$A$2)))), ""-""))"),2.6315789473684212) -> 2.6315789 | H21: =IFERROR(__xludf.DUMMYFUNCTION("IF(H$6="""", """", IFERROR(AVERAGE(FILTER('기록'!$F:$F, ('기록'!$D:$D=H$6) * (IF($A$2=""전체"", TRUE, (YEAR('기록'!$A:$A)&"""")=$A$2)))), ""-""))"),2.7) -> 2.7 | I21: =IFERROR(__xludf.DUMMYFUNCTION("IF(I$6="""", """", IFERROR(AVERAGE(FILTER('기록'!$F:$F, ('기록'!$D:$D=I$6) * (IF($A$2=""전체"", TRUE, (YEAR('기록'!$A:$A)&"""")=$A$2)))), ""-""))"),2.2857142857142856) -> 2.2857143 | J21: =IFERROR(__xludf.DUMMYFUNCTION("IF(J$6="""", """", IFERROR(AVERAGE(FILTER('기록'!$F:$F, ('기록'!$D:$D=J$6) * (IF($A$2=""전체"", TRUE, (YEAR('기록'!$A:$A)&"""")=$A$2)))), ""-""))"),"-") -> - | K21: =IFERROR(__xludf.DUMMYFUNCTION("IF(K$6="""", """", IFERROR(AVERAGE(FILTER('기록'!$F:$F, ('기록'!$D:$D=K$6) * (IF($A$2=""전체"", TRUE, (YEAR('기록'!$A:$A)&"""")=$A$2)))), ""-""))"),2.5714285714285716) -> 2.5714286 | L21: =IFERROR(__xludf.DUMMYFUNCTION("IF(L$6="""", """", IFERROR(AVERAGE(FILTER('기록'!$F:$F, ('기록'!$D:$D=L$6) * (IF($A$2=""전체"", TRUE, (YEAR('기록'!$A:$A)&"""")=$A$2)))), ""-""))"),2.235294117647059) -> 2.2352941 | M21: =IFERROR(__xludf.DUMMYFUNCTION("IF(M$6="""", """", IFERROR(AVERAGE(FILTER('기록'!$F:$F, ('기록'!$D:$D=M$6) * (IF($A$2=""전체"", TRUE, (YEAR('기록'!$A:$A)&"""")=$A$2)))), ""-""))"),2.1621621621621623) -> 2.1621622 | N21: =IFERROR(__xludf.DUMMYFUNCTION("IF(N$6="""", """", IFERROR(AVERAGE(FILTER('기록'!$F:$F, ('기록'!$D:$D=N$6) * (IF($A$2=""전체"", TRUE, (YEAR('기록'!$A:$A)&"""")=$A$2)))), ""-""))"),"-") -> - | O21: =IFERROR(__xludf.DUMMYFUNCTION("IF(O$6="""", """", IFERROR(AVERAGE(FILTER('기록'!$F:$F, ('기록'!$D:$D=O$6) * (IF($A$2=""전체"", TRUE, (YEAR('기록'!$A:$A)&"""")=$A$2)))), ""-""))"),3.4) -> 3.4 | P21: =IFERROR(__xludf.DUMMYFUNCTION("IF(P$6="""", """", IFERROR(AVERAGE(FILTER('기록'!$F:$F, ('기록'!$D:$D=P$6) * (IF($A$2=""전체"", TRUE, (YEAR('기록'!$A:$A)&"""")=$A$2)))), ""-""))"),"-") -> - | Q21: =IFERROR(__xludf.DUMMYFUNCTION("IF(Q$6="""", """", IFERROR(AVERAGE(FILTER('기록'!$F:$F, ('기록'!$D:$D=Q$6) * (IF($A$2=""전체"", TRUE, (YEAR('기록'!$A:$A)&"""")=$A$2)))), ""-""))"),"-") -> - | R21: =IFERROR(__xludf.DUMMYFUNCTION("IF(R$6="""", """", IFERROR(AVERAGE(FILTER('기록'!$F:$F, ('기록'!$D:$D=R$6) * (IF($A$2=""전체"", TRUE, (YEAR('기록'!$A:$A)&"""")=$A$2)))), ""-""))"),"-") -> - | S21: =IFERROR(__xludf.DUMMYFUNCTION("IF(S$6="""", """", IFERROR(AVERAGE(FILTER('기록'!$F:$F, ('기록'!$D:$D=S$6) * (IF($A$2=""전체"", TRUE, (YEAR('기록'!$A:$A)&"""")=$A$2)))), ""-""))"),"-") -> - | T21: =IFERROR(__xludf.DUMMYFUNCTION("IF(T$6="""", """", IFERROR(AVERAGE(FILTER('기록'!$F:$F, ('기록'!$D:$D=T$6) * (IF($A$2=""전체"", TRUE, (YEAR('기록'!$A:$A)&"""")=$A$2)))), ""-""))"),"-") -> - | U21: =IFERROR(__xludf.DUMMYFUNCTION("IF(U$6="""", """", IFERROR(AVERAGE(FILTER('기록'!$F:$F, ('기록'!$D:$D=U$6) * (IF($A$2=""전체"", TRUE, (YEAR('기록'!$A:$A)&"""")=$A$2)))), ""-""))"),"-") -> - | V21: =IFERROR(__xludf.DUMMYFUNCTION("IF(V$6="""", """", IFERROR(AVERAGE(FILTER('기록'!$F:$F, ('기록'!$D:$D=V$6) * (IF($A$2=""전체"", TRUE, (YEAR('기록'!$A:$A)&"""")=$A$2)))), ""-""))"),2.5833333333333335) -> 2.5833333 | W21: =IFERROR(__xludf.DUMMYFUNCTION("IF(W$6="""", """", IFERROR(AVERAGE(FILTER('기록'!$F:$F, ('기록'!$D:$D=W$6) * (IF($A$2=""전체"", TRUE, (YEAR('기록'!$A:$A)&"""")=$A$2)))), ""-""))"),"-") -> - | X21: =IFERROR(__xludf.DUMMYFUNCTION("IF(X$6="""", """", IFERROR(AVERAGE(FILTER('기록'!$F:$F, ('기록'!$D:$D=X$6) * (IF($A$2=""전체"", TRUE, (YEAR('기록'!$A:$A)&"""")=$A$2)))), ""-""))"),"-") -> - | Y21: =IFERROR(__xludf.DUMMYFUNCTION("IF(Y$6="""", """", IFERROR(AVERAGE(FILTER('기록'!$F:$F, ('기록'!$D:$D=Y$6) * (IF($A$2=""전체"", TRUE, (YEAR('기록'!$A:$A)&"""")=$A$2)))), ""-""))"),"-") -> - | Z21: =IFERROR(__xludf.DUMMYFUNCTION("IF(Z$6="""", """", IFERROR(AVERAGE(FILTER('기록'!$F:$F, ('기록'!$D:$D=Z$6) * (IF($A$2=""전체"", TRUE, (YEAR('기록'!$A:$A)&"""")=$A$2)))), ""-""))"),"-") -> - | AA21: =IFERROR(__xludf.DUMMYFUNCTION("IF(AA$6="""", """", IFERROR(AVERAGE(FILTER('기록'!$F:$F, ('기록'!$D:$D=AA$6) * (IF($A$2=""전체"", TRUE, (YEAR('기록'!$A:$A)&"""")=$A$2)))), ""-""))"),"-") -> - | AB21: =IFERROR(__xludf.DUMMYFUNCTION("IF(AB$6="""", """", IFERROR(AVERAGE(FILTER('기록'!$F:$F, ('기록'!$D:$D=AB$6) * (IF($A$2=""전체"", TRUE, (YEAR('기록'!$A:$A)&"""")=$A$2)))), ""-""))"),"-") -> - | AC21: =IFERROR(__xludf.DUMMYFUNCTION("IF(AC$6="""", """", IFERROR(AVERAGE(FILTER('기록'!$F:$F, ('기록'!$D:$D=AC$6) * (IF($A$2=""전체"", TRUE, (YEAR('기록'!$A:$A)&"""")=$A$2)))), ""-""))"),3.2222222222222223) -> 3.2222222 | AD21: =IFERROR(__xludf.DUMMYFUNCTION("IF(AD$6="""", """", IFERROR(AVERAGE(FILTER('기록'!$F:$F, ('기록'!$D:$D=AD$6) * (IF($A$2=""전체"", TRUE, (YEAR('기록'!$A:$A)&"""")=$A$2)))), ""-""))"),"-") -> - | AE21: =IFERROR(__xludf.DUMMYFUNCTION("IF(AE$6="""", """", IFERROR(AVERAGE(FILTER('기록'!$F:$F, ('기록'!$D:$D=AE$6) * (IF($A$2=""전체"", TRUE, (YEAR('기록'!$A:$A)&"""")=$A$2)))), ""-""))"),"-") -> - | AF21: =IFERROR(__xludf.DUMMYFUNCTION("IF(AF$6="""", """", IFERROR(AVERAGE(FILTER('기록'!$F:$F, ('기록'!$D:$D=AF$6) * (IF($A$2=""전체"", TRUE, (YEAR('기록'!$A:$A)&"""")=$A$2)))), ""-""))"),"-") -> - | AG21: =IFERROR(__xludf.DUMMYFUNCTION("IF(AG$6="""", """", IFERROR(AVERAGE(FILTER('기록'!$F:$F, ('기록'!$D:$D=AG$6) * (IF($A$2=""전체"", TRUE, (YEAR('기록'!$A:$A)&"""")=$A$2)))), ""-""))"),2.75) -> 2.75 | AH21: =IFERROR(__xludf.DUMMYFUNCTION("IF(AH$6="""", """", IFERROR(AVERAGE(FILTER('기록'!$F:$F, ('기록'!$D:$D=AH$6) * (IF($A$2=""전체"", TRUE, (YEAR('기록'!$A:$A)&"""")=$A$2)))), ""-""))"),2.75) -> 2.75 | AI21: =IFERROR(__xludf.DUMMYFUNCTION("IF(AI$6="""", """", IFERROR(AVERAGE(FILTER('기록'!$F:$F, ('기록'!$D:$D=AI$6) * (IF($A$2=""전체"", TRUE, (YEAR('기록'!$A:$A)&"""")=$A$2)))), ""-""))"),2.6666666666666665) -> 2.6666667
B22: 만관 | C22: =IFERROR(__xludf.DUMMYFUNCTION("IF(C$6="""", """", IFERROR(SUM(FILTER('기록'!$I:$I, ('기록'!$D:$D=C$6) * (IF($A$2=""전체"", TRUE, (YEAR('기록'!$A:$A)&"""")=$A$2)))), 0))"),7.0) -> 7 | D22: =IFERROR(__xludf.DUMMYFUNCTION("IF(D$6="""", """", IFERROR(SUM(FILTER('기록'!$I:$I, ('기록'!$D:$D=D$6) * (IF($A$2=""전체"", TRUE, (YEAR('기록'!$A:$A)&"""")=$A$2)))), 0))"),7.0) -> 7 | E22: =IFERROR(__xludf.DUMMYFUNCTION("IF(E$6="""", """", IFERROR(SUM(FILTER('기록'!$I:$I, ('기록'!$D:$D=E$6) * (IF($A$2=""전체"", TRUE, (YEAR('기록'!$A:$A)&"""")=$A$2)))), 0))"),7.0) -> 7 | F22: =IFERROR(__xludf.DUMMYFUNCTION("IF(F$6="""", """", IFERROR(SUM(FILTER('기록'!$I:$I, ('기록'!$D:$D=F$6) * (IF($A$2=""전체"", TRUE, (YEAR('기록'!$A:$A)&"""")=$A$2)))), 0))"),7.0) -> 7 | G22: =IFERROR(__xludf.DUMMYFUNCTION("IF(G$6="""", """", IFERROR(SUM(FILTER('기록'!$I:$I, ('기록'!$D:$D=G$6) * (IF($A$2=""전체"", TRUE, (YEAR('기록'!$A:$A)&"""")=$A$2)))), 0))"),0.0) -> 0 | H22: =IFERROR(__xludf.DUMMYFUNCTION("IF(H$6="""", """", IFERROR(SUM(FILTER('기록'!$I:$I, ('기록'!$D:$D=H$6) * (IF($A$2=""전체"", TRUE, (YEAR('기록'!$A:$A)&"""")=$A$2)))), 0))"),0.0) -> 0 | I22: =IFERROR(__xludf.DUMMYFUNCTION("IF(I$6="""", """", IFERROR(SUM(FILTER('기록'!$I:$I, ('기록'!$D:$D=I$6) * (IF($A$2=""전체"", TRUE, (YEAR('기록'!$A:$A)&"""")=$A$2)))), 0))"),1.0) -> 1 | J22: =IFERROR(__xludf.DUMMYFUNCTION("IF(J$6="""", """", IFERROR(SUM(FILTER('기록'!$I:$I, ('기록'!$D:$D=J$6) * (IF($A$2=""전체"", TRUE, (YEAR('기록'!$A:$A)&"""")=$A$2)))), 0))"),0.0) -> 0 | K22: =IFERROR(__xludf.DUMMYFUNCTION("IF(K$6="""", """", IFERROR(SUM(FILTER('기록'!$I:$I, ('기록'!$D:$D=K$6) * (IF($A$2=""전체"", TRUE, (YEAR('기록'!$A:$A)&"""")=$A$2)))), 0))"),1.0) -> 1 | L22: =IFERROR(__xludf.DUMMYFUNCTION("IF(L$6="""", """", IFERROR(SUM(FILTER('기록'!$I:$I, ('기록'!$D:$D=L$6) * (IF($A$2=""전체"", TRUE, (YEAR('기록'!$A:$A)&"""")=$A$2)))), 0))"),4.0) -> 4 | M22: =IFERROR(__xludf.DUMMYFUNCTION("IF(M$6="""", """", IFERROR(SUM(FILTER('기록'!$I:$I, ('기록'!$D:$D=M$6) * (IF($A$2=""전체"", TRUE, (YEAR('기록'!$A:$A)&"""")=$A$2)))), 0))"),11.0) -> 11 | N22: =IFERROR(__xludf.DUMMYFUNCTION("IF(N$6="""", """", IFERROR(SUM(FILTER('기록'!$I:$I, ('기록'!$D:$D=N$6) * (IF($A$2=""전체"", TRUE, (YEAR('기록'!$A:$A)&"""")=$A$2)))), 0))"),0.0) -> 0 | O22: =IFERROR(__xludf.DUMMYFUNCTION("IF(O$6="""", """", IFERROR(SUM(FILTER('기록'!$I:$I, ('기록'!$D:$D=O$6) * (IF($A$2=""전체"", TRUE, (YEAR('기록'!$A:$A)&"""")=$A$2)))), 0))"),1.0) -> 1 | P22: =IFERROR(__xludf.DUMMYFUNCTION("IF(P$6="""", """", IFERROR(SUM(FILTER('기록'!$I:$I, ('기록'!$D:$D=P$6) * (IF($A$2=""전체"", TRUE, (YEAR('기록'!$A:$A)&"""")=$A$2)))), 0))"),0.0) -> 0 | Q22: =IFERROR(__xludf.DUMMYFUNCTION("IF(Q$6="""", """", IFERROR(SUM(FILTER('기록'!$I:$I, ('기록'!$D:$D=Q$6) * (IF($A$2=""전체"", TRUE, (YEAR('기록'!$A:$A)&"""")=$A$2)))), 0))"),0.0) -> 0 | R22: =IFERROR(__xludf.DUMMYFUNCTION("IF(R$6="""", """", IFERROR(SUM(FILTER('기록'!$I:$I, ('기록'!$D:$D=R$6) * (IF($A$2=""전체"", TRUE, (YEAR('기록'!$A:$A)&"""")=$A$2)))), 0))"),0.0) -> 0 | S22: =IFERROR(__xludf.DUMMYFUNCTION("IF(S$6="""", """", IFERROR(SUM(FILTER('기록'!$I:$I, ('기록'!$D:$D=S$6) * (IF($A$2=""전체"", TRUE, (YEAR('기록'!$A:$A)&"""")=$A$2)))), 0))"),0.0) -> 0 | T22: =IFERROR(__xludf.DUMMYFUNCTION("IF(T$6="""", """", IFERROR(SUM(FILTER('기록'!$I:$I, ('기록'!$D:$D=T$6) * (IF($A$2=""전체"", TRUE, (YEAR('기록'!$A:$A)&"""")=$A$2)))), 0))"),0.0) -> 0 | U22: =IFERROR(__xludf.DUMMYFUNCTION("IF(U$6="""", """", IFERROR(SUM(FILTER('기록'!$I:$I, ('기록'!$D:$D=U$6) * (IF($A$2=""전체"", TRUE, (YEAR('기록'!$A:$A)&"""")=$A$2)))), 0))"),0.0) -> 0 | V22: =IFERROR(__xludf.DUMMYFUNCTION("IF(V$6="""", """", IFERROR(SUM(FILTER('기록'!$I:$I, ('기록'!$D:$D=V$6) * (IF($A$2=""전체"", TRUE, (YEAR('기록'!$A:$A)&"""")=$A$2)))), 0))"),2.0) -> 2 | W22: =IFERROR(__xludf.DUMMYFUNCTION("IF(W$6="""", """", IFERROR(SUM(FILTER('기록'!$I:$I, ('기록'!$D:$D=W$6) * (IF($A$2=""전체"", TRUE, (YEAR('기록'!$A:$A)&"""")=$A$2)))), 0))"),0.0) -> 0 | X22: =IFERROR(__xludf.DUMMYFUNCTION("IF(X$6="""", """", IFERROR(SUM(FILTER('기록'!$I:$I, ('기록'!$D:$D=X$6) * (IF($A$2=""전체"", TRUE, (YEAR('기록'!$A:$A)&"""")=$A$2)))), 0))"),0.0) -> 0 | Y22: =IFERROR(__xludf.DUMMYFUNCTION("IF(Y$6="""", """", IFERROR(SUM(FILTER('기록'!$I:$I, ('기록'!$D:$D=Y$6) * (IF($A$2=""전체"", TRUE, (YEAR('기록'!$A:$A)&"""")=$A$2)))), 0))"),0.0) -> 0 | Z22: =IFERROR(__xludf.DUMMYFUNCTION("IF(Z$6="""", """", IFERROR(SUM(FILTER('기록'!$I:$I, ('기록'!$D:$D=Z$6) * (IF($A$2=""전체"", TRUE, (YEAR('기록'!$A:$A)&"""")=$A$2)))), 0))"),0.0) -> 0 | AA22: =IFERROR(__xludf.DUMMYFUNCTION("IF(AA$6="""", """", IFERROR(SUM(FILTER('기록'!$I:$I, ('기록'!$D:$D=AA$6) * (IF($A$2=""전체"", TRUE, (YEAR('기록'!$A:$A)&"""")=$A$2)))), 0))"),0.0) -> 0 | AB22: =IFERROR(__xludf.DUMMYFUNCTION("IF(AB$6="""", """", IFERROR(SUM(FILTER('기록'!$I:$I, ('기록'!$D:$D=AB$6) * (IF($A$2=""전체"", TRUE, (YEAR('기록'!$A:$A)&"""")=$A$2)))), 0))"),0.0) -> 0 | AC22: =IFERROR(__xludf.DUMMYFUNCTION("IF(AC$6="""", """", IFERROR(SUM(FILTER('기록'!$I:$I, ('기록'!$D:$D=AC$6) * (IF($A$2=""전체"", TRUE, (YEAR('기록'!$A:$A)&"""")=$A$2)))), 0))"),1.0) -> 1 | AD22: =IFERROR(__xludf.DUMMYFUNCTION("IF(AD$6="""", """", IFERROR(SUM(FILTER('기록'!$I:$I, ('기록'!$D:$D=AD$6) * (IF($A$2=""전체"", TRUE, (YEAR('기록'!$A:$A)&"""")=$A$2)))), 0))"),0.0) -> 0 | AE22: =IFERROR(__xludf.DUMMYFUNCTION("IF(AE$6="""", """", IFERROR(SUM(FILTER('기록'!$I:$I, ('기록'!$D:$D=AE$6) * (IF($A$2=""전체"", TRUE, (YEAR('기록'!$A:$A)&"""")=$A$2)))), 0))"),0.0) -> 0 | AF22: =IFERROR(__xludf.DUMMYFUNCTION("IF(AF$6="""", """", IFERROR(SUM(FILTER('기록'!$I:$I, ('기록'!$D:$D=AF$6) * (IF($A$2=""전체"", TRUE, (YEAR('기록'!$A:$A)&"""")=$A$2)))), 0))"),0.0) -> 0 | AG22: =IFERROR(__xludf.DUMMYFUNCTION("IF(AG$6="""", """", IFERROR(SUM(FILTER('기록'!$I:$I, ('기록'!$D:$D=AG$6) * (IF($A$2=""전체"", TRUE, (YEAR('기록'!$A:$A)&"""")=$A$2)))), 0))"),0.0) -> 0 | AH22: =IFERROR(__xludf.DUMMYFUNCTION("IF(AH$6="""", """", IFERROR(SUM(FILTER('기록'!$I:$I, ('기록'!$D:$D=AH$6) * (IF($A$2=""전체"", TRUE, (YEAR('기록'!$A:$A)&"""")=$A$2)))), 0))"),8.0) -> 8 | AI22: =IFERROR(__xludf.DUMMYFUNCTION("IF(AI$6="""", """", IFERROR(SUM(FILTER('기록'!$I:$I, ('기록'!$D:$D=AI$6) * (IF($A$2=""전체"", TRUE, (YEAR('기록'!$A:$A)&"""")=$A$2)))), 0))"),1.0) -> 1
B23: 하네만 | C23: =IFERROR(__xludf.DUMMYFUNCTION("IF(C$6="""", """", IFERROR(SUM(FILTER('기록'!$J:$J, ('기록'!$D:$D=C$6) * (IF($A$2=""전체"", TRUE, (YEAR('기록'!$A:$A)&"""")=$A$2)))), 0))"),3.0) -> 3 | D23: =IFERROR(__xludf.DUMMYFUNCTION("IF(D$6="""", """", IFERROR(SUM(FILTER('기록'!$J:$J, ('기록'!$D:$D=D$6) * (IF($A$2=""전체"", TRUE, (YEAR('기록'!$A:$A)&"""")=$A$2)))), 0))"),6.0) -> 6 | E23: =IFERROR(__xludf.DUMMYFUNCTION("IF(E$6="""", """", IFERROR(SUM(FILTER('기록'!$J:$J, ('기록'!$D:$D=E$6) * (IF($A$2=""전체"", TRUE, (YEAR('기록'!$A:$A)&"""")=$A$2)))), 0))"),3.0) -> 3 | F23: =IFERROR(__xludf.DUMMYFUNCTION("IF(F$6="""", """", IFERROR(SUM(FILTER('기록'!$J:$J, ('기록'!$D:$D=F$6) * (IF($A$2=""전체"", TRUE, (YEAR('기록'!$A:$A)&"""")=$A$2)))), 0))"),6.0) -> 6 | G23: =IFERROR(__xludf.DUMMYFUNCTION("IF(G$6="""", """", IFERROR(SUM(FILTER('기록'!$J:$J, ('기록'!$D:$D=G$6) * (IF($A$2=""전체"", TRUE, (YEAR('기록'!$A:$A)&"""")=$A$2)))), 0))"),2.0) -> 2 | H23: =IFERROR(__xludf.DUMMYFUNCTION("IF(H$6="""", """", IFERROR(SUM(FILTER('기록'!$J:$J, ('기록'!$D:$D=H$6) * (IF($A$2=""전체"", TRUE, (YEAR('기록'!$A:$A)&"""")=$A$2)))), 0))"),0.0) -> 0 | I23: =IFERROR(__xludf.DUMMYFUNCTION("IF(I$6="""", """", IFERROR(SUM(FILTER('기록'!$J:$J, ('기록'!$D:$D=I$6) * (IF($A$2=""전체"", TRUE, (YEAR('기록'!$A:$A)&"""")=$A$2)))), 0))"),1.0) -> 1 | J23: =IFERROR(__xludf.DUMMYFUNCTION("IF(J$6="""", """", IFERROR(SUM(FILTER('기록'!$J:$J, ('기록'!$D:$D=J$6) * (IF($A$2=""전체"", TRUE, (YEAR('기록'!$A:$A)&"""")=$A$2)))), 0))"),0.0) -> 0 | K23: =IFERROR(__xludf.DUMMYFUNCTION("IF(K$6="""", """", IFERROR(SUM(FILTER('기록'!$J:$J, ('기록'!$D:$D=K$6) * (IF($A$2=""전체"", TRUE, (YEAR('기록'!$A:$A)&"""")=$A$2)))), 0))"),1.0) -> 1 | L23: =IFERROR(__xludf.DUMMYFUNCTION("IF(L$6="""", """", IFERROR(SUM(FILTER('기록'!$J:$J, ('기록'!$D:$D=L$6) * (IF($A$2=""전체"", TRUE, (YEAR('기록'!$A:$A)&"""")=$A$2)))), 0))"),2.0) -> 2 | M23: =IFERROR(__xludf.DUMMYFUNCTION("IF(M$6="""", """", IFERROR(SUM(FILTER('기록'!$J:$J, ('기록'!$D:$D=M$6) * (IF($A$2=""전체"", TRUE, (YEAR('기록'!$A:$A)&"""")=$A$2)))), 0))"),6.0) -> 6 | N23: =IFERROR(__xludf.DUMMYFUNCTION("IF(N$6="""", """", IFERROR(SUM(FILTER('기록'!$J:$J, ('기록'!$D:$D=N$6) * (IF($A$2=""전체"", TRUE, (YEAR('기록'!$A:$A)&"""")=$A$2)))), 0))"),0.0) -> 0 | O23: =IFERROR(__xludf.DUMMYFUNCTION("IF(O$6="""", """", IFERROR(SUM(FILTER('기록'!$J:$J, ('기록'!$D:$D=O$6) * (IF($A$2=""전체"", TRUE, (YEAR('기록'!$A:$A)&"""")=$A$2)))), 0))"),0.0) -> 0 | P23: =IFERROR(__xludf.DUMMYFUNCTION("IF(P$6="""", """", IFERROR(SUM(FILTER('기록'!$J:$J, ('기록'!$D:$D=P$6) * (IF($A$2=""전체"", TRUE, (YEAR('기록'!$A:$A)&"""")=$A$2)))), 0))"),0.0) -> 0 | Q23: =IFERROR(__xludf.DUMMYFUNCTION("IF(Q$6="""", """", IFERROR(SUM(FILTER('기록'!$J:$J, ('기록'!$D:$D=Q$6) * (IF($A$2=""전체"", TRUE, (YEAR('기록'!$A:$A)&"""")=$A$2)))), 0))"),0.0) -> 0 | R23: =IFERROR(__xludf.DUMMYFUNCTION("IF(R$6="""", """", IFERROR(SUM(FILTER('기록'!$J:$J, ('기록'!$D:$D=R$6) * (IF($A$2=""전체"", TRUE, (YEAR('기록'!$A:$A)&"""")=$A$2)))), 0))"),0.0) -> 0 | S23: =IFERROR(__xludf.DUMMYFUNCTION("IF(S$6="""", """", IFERROR(SUM(FILTER('기록'!$J:$J, ('기록'!$D:$D=S$6) * (IF($A$2=""전체"", TRUE, (YEAR('기록'!$A:$A)&"""")=$A$2)))), 0))"),0.0) -> 0 | T23: =IFERROR(__xludf.DUMMYFUNCTION("IF(T$6="""", """", IFERROR(SUM(FILTER('기록'!$J:$J, ('기록'!$D:$D=T$6) * (IF($A$2=""전체"", TRUE, (YEAR('기록'!$A:$A)&"""")=$A$2)))), 0))"),0.0) -> 0 | U23: =IFERROR(__xludf.DUMMYFUNCTION("IF(U$6="""", """", IFERROR(SUM(FILTER('기록'!$J:$J, ('기록'!$D:$D=U$6) * (IF($A$2=""전체"", TRUE, (YEAR('기록'!$A:$A)&"""")=$A$2)))), 0))"),0.0) -> 0 | V23: =IFERROR(__xludf.DUMMYFUNCTION("IF(V$6="""", """", IFERROR(SUM(FILTER('기록'!$J:$J, ('기록'!$D:$D=V$6) * (IF($A$2=""전체"", TRUE, (YEAR('기록'!$A:$A)&"""")=$A$2)))), 0))"),2.0) -> 2 | W23: =IFERROR(__xludf.DUMMYFUNCTION("IF(W$6="""", """", IFERROR(SUM(FILTER('기록'!$J:$J, ('기록'!$D:$D=W$6) * (IF($A$2=""전체"", TRUE, (YEAR('기록'!$A:$A)&"""")=$A$2)))), 0))"),0.0) -> 0 | X23: =IFERROR(__xludf.DUMMYFUNCTION("IF(X$6="""", """", IFERROR(SUM(FILTER('기록'!$J:$J, ('기록'!$D:$D=X$6) * (IF($A$2=""전체"", TRUE, (YEAR('기록'!$A:$A)&"""")=$A$2)))), 0))"),0.0) -> 0 | Y23: =IFERROR(__xludf.DUMMYFUNCTION("IF(Y$6="""", """", IFERROR(SUM(FILTER('기록'!$J:$J, ('기록'!$D:$D=Y$6) * (IF($A$2=""전체"", TRUE, (YEAR('기록'!$A:$A)&"""")=$A$2)))), 0))"),0.0) -> 0 | Z23: =IFERROR(__xludf.DUMMYFUNCTION("IF(Z$6="""", """", IFERROR(SUM(FILTER('기록'!$J:$J, ('기록'!$D:$D=Z$6) * (IF($A$2=""전체"", TRUE, (YEAR('기록'!$A:$A)&"""")=$A$2)))), 0))"),0.0) -> 0 | AA23: =IFERROR(__xludf.DUMMYFUNCTION("IF(AA$6="""", """", IFERROR(SUM(FILTER('기록'!$J:$J, ('기록'!$D:$D=AA$6) * (IF($A$2=""전체"", TRUE, (YEAR('기록'!$A:$A)&"""")=$A$2)))), 0))"),0.0) -> 0 | AB23: =IFERROR(__xludf.DUMMYFUNCTION("IF(AB$6="""", """", IFERROR(SUM(FILTER('기록'!$J:$J, ('기록'!$D:$D=AB$6) * (IF($A$2=""전체"", TRUE, (YEAR('기록'!$A:$A)&"""")=$A$2)))), 0))"),0.0) -> 0 | AC23: =IFERROR(__xludf.DUMMYFUNCTION("IF(AC$6="""", """", IFERROR(SUM(FILTER('기록'!$J:$J, ('기록'!$D:$D=AC$6) * (IF($A$2=""전체"", TRUE, (YEAR('기록'!$A:$A)&"""")=$A$2)))), 0))"),0.0) -> 0 | AD23: =IFERROR(__xludf.DUMMYFUNCTION("IF(AD$6="""", """", IFERROR(SUM(FILTER('기록'!$J:$J, ('기록'!$D:$D=AD$6) * (IF($A$2=""전체"", TRUE, (YEAR('기록'!$A:$A)&"""")=$A$2)))), 0))"),0.0) -> 0 | AE23: =IFERROR(__xludf.DUMMYFUNCTION("IF(AE$6="""", """", IFERROR(SUM(FILTER('기록'!$J:$J, ('기록'!$D:$D=AE$6) * (IF($A$2=""전체"", TRUE, (YEAR('기록'!$A:$A)&"""")=$A$2)))), 0))"),0.0) -> 0 | AF23: =IFERROR(__xludf.DUMMYFUNCTION("IF(AF$6="""", """", IFERROR(SUM(FILTER('기록'!$J:$J, ('기록'!$D:$D=AF$6) * (IF($A$2=""전체"", TRUE, (YEAR('기록'!$A:$A)&"""")=$A$2)))), 0))"),0.0) -> 0 | AG23: =IFERROR(__xludf.DUMMYFUNCTION("IF(AG$6="""", """", IFERROR(SUM(FILTER('기록'!$J:$J, ('기록'!$D:$D=AG$6) * (IF($A$2=""전체"", TRUE, (YEAR('기록'!$A:$A)&"""")=$A$2)))), 0))"),0.0) -> 0 | AH23: =IFERROR(__xludf.DUMMYFUNCTION("IF(AH$6="""", """", IFERROR(SUM(FILTER('기록'!$J:$J, ('기록'!$D:$D=AH$6) * (IF($A$2=""전체"", TRUE, (YEAR('기록'!$A:$A)&"""")=$A$2)))), 0))"),5.0) -> 5 | AI23: =IFERROR(__xludf.DUMMYFUNCTION("IF(AI$6="""", """", IFERROR(SUM(FILTER('기록'!$J:$J, ('기록'!$D:$D=AI$6) * (IF($A$2=""전체"", TRUE, (YEAR('기록'!$A:$A)&"""")=$A$2)))), 0))"),2.0) -> 2
B24: 배만 | C24: =IFERROR(__xludf.DUMMYFUNCTION("IF(C$6="""", """", IFERROR(SUM(FILTER('기록'!$K:$K, ('기록'!$D:$D=C$6) * (IF($A$2=""전체"", TRUE, (YEAR('기록'!$A:$A)&"""")=$A$2)))), 0))"),0.0) -> 0 | D24: =IFERROR(__xludf.DUMMYFUNCTION("IF(D$6="""", """", IFERROR(SUM(FILTER('기록'!$K:$K, ('기록'!$D:$D=D$6) * (IF($A$2=""전체"", TRUE, (YEAR('기록'!$A:$A)&"""")=$A$2)))), 0))"),2.0) -> 2 | E24: =IFERROR(__xludf.DUMMYFUNCTION("IF(E$6="""", """", IFERROR(SUM(FILTER('기록'!$K:$K, ('기록'!$D:$D=E$6) * (IF($A$2=""전체"", TRUE, (YEAR('기록'!$A:$A)&"""")=$A$2)))), 0))"),0.0) -> 0 | F24: =IFERROR(__xludf.DUMMYFUNCTION("IF(F$6="""", """", IFERROR(SUM(FILTER('기록'!$K:$K, ('기록'!$D:$D=F$6) * (IF($A$2=""전체"", TRUE, (YEAR('기록'!$A:$A)&"""")=$A$2)))), 0))"),0.0) -> 0 | G24: =IFERROR(__xludf.DUMMYFUNCTION("IF(G$6="""", """", IFERROR(SUM(FILTER('기록'!$K:$K, ('기록'!$D:$D=G$6) * (IF($A$2=""전체"", TRUE, (YEAR('기록'!$A:$A)&"""")=$A$2)))), 0))"),0.0) -> 0 | H24: =IFERROR(__xludf.DUMMYFUNCTION("IF(H$6="""", """", IFERROR(SUM(FILTER('기록'!$K:$K, ('기록'!$D:$D=H$6) * (IF($A$2=""전체"", TRUE, (YEAR('기록'!$A:$A)&"""")=$A$2)))), 0))"),0.0) -> 0 | I24: =IFERROR(__xludf.DUMMYFUNCTION("IF(I$6="""", """", IFERROR(SUM(FILTER('기록'!$K:$K, ('기록'!$D:$D=I$6) * (IF($A$2=""전체"", TRUE, (YEAR('기록'!$A:$A)&"""")=$A$2)))), 0))"),1.0) -> 1 | J24: =IFERROR(__xludf.DUMMYFUNCTION("IF(J$6="""", """", IFERROR(SUM(FILTER('기록'!$K:$K, ('기록'!$D:$D=J$6) * (IF($A$2=""전체"", TRUE, (YEAR('기록'!$A:$A)&"""")=$A$2)))), 0))"),0.0) -> 0 | K24: =IFERROR(__xludf.DUMMYFUNCTION("IF(K$6="""", """", IFERROR(SUM(FILTER('기록'!$K:$K, ('기록'!$D:$D=K$6) * (IF($A$2=""전체"", TRUE, (YEAR('기록'!$A:$A)&"""")=$A$2)))), 0))"),0.0) -> 0 | L24: =IFERROR(__xludf.DUMMYFUNCTION("IF(L$6="""", """", IFERROR(SUM(FILTER('기록'!$K:$K, ('기록'!$D:$D=L$6) * (IF($A$2=""전체"", TRUE, (YEAR('기록'!$A:$A)&"""")=$A$2)))), 0))"),0.0) -> 0 | M24: =IFERROR(__xludf.DUMMYFUNCTION("IF(M$6="""", """", IFERROR(SUM(FILTER('기록'!$K:$K, ('기록'!$D:$D=M$6) * (IF($A$2=""전체"", TRUE, (YEAR('기록'!$A:$A)&"""")=$A$2)))), 0))"),0.0) -> 0 | N24: =IFERROR(__xludf.DUMMYFUNCTION("IF(N$6="""", """", IFERROR(SUM(FILTER('기록'!$K:$K, ('기록'!$D:$D=N$6) * (IF($A$2=""전체"", TRUE, (YEAR('기록'!$A:$A)&"""")=$A$2)))), 0))"),0.0) -> 0 | O24: =IFERROR(__xludf.DUMMYFUNCTION("IF(O$6="""", """", IFERROR(SUM(FILTER('기록'!$K:$K, ('기록'!$D:$D=O$6) * (IF($A$2=""전체"", TRUE, (YEAR('기록'!$A:$A)&"""")=$A$2)))), 0))"),0.0) -> 0 | P24: =IFERROR(__xludf.DUMMYFUNCTION("IF(P$6="""", """", IFERROR(SUM(FILTER('기록'!$K:$K, ('기록'!$D:$D=P$6) * (IF($A$2=""전체"", TRUE, (YEAR('기록'!$A:$A)&"""")=$A$2)))), 0))"),0.0) -> 0 | Q24: =IFERROR(__xludf.DUMMYFUNCTION("IF(Q$6="""", """", IFERROR(SUM(FILTER('기록'!$K:$K, ('기록'!$D:$D=Q$6) * (IF($A$2=""전체"", TRUE, (YEAR('기록'!$A:$A)&"""")=$A$2)))), 0))"),0.0) -> 0 | R24: =IFERROR(__xludf.DUMMYFUNCTION("IF(R$6="""", """", IFERROR(SUM(FILTER('기록'!$K:$K, ('기록'!$D:$D=R$6) * (IF($A$2=""전체"", TRUE, (YEAR('기록'!$A:$A)&"""")=$A$2)))), 0))"),0.0) -> 0 | S24: =IFERROR(__xludf.DUMMYFUNCTION("IF(S$6="""", """", IFERROR(SUM(FILTER('기록'!$K:$K, ('기록'!$D:$D=S$6) * (IF($A$2=""전체"", TRUE, (YEAR('기록'!$A:$A)&"""")=$A$2)))), 0))"),0.0) -> 0 | T24: =IFERROR(__xludf.DUMMYFUNCTION("IF(T$6="""", """", IFERROR(SUM(FILTER('기록'!$K:$K, ('기록'!$D:$D=T$6) * (IF($A$2=""전체"", TRUE, (YEAR('기록'!$A:$A)&"""")=$A$2)))), 0))"),0.0) -> 0 | U24: =IFERROR(__xludf.DUMMYFUNCTION("IF(U$6="""", """", IFERROR(SUM(FILTER('기록'!$K:$K, ('기록'!$D:$D=U$6) * (IF($A$2=""전체"", TRUE, (YEAR('기록'!$A:$A)&"""")=$A$2)))), 0))"),0.0) -> 0 | V24: =IFERROR(__xludf.DUMMYFUNCTION("IF(V$6="""", """", IFERROR(SUM(FILTER('기록'!$K:$K, ('기록'!$D:$D=V$6) * (IF($A$2=""전체"", TRUE, (YEAR('기록'!$A:$A)&"""")=$A$2)))), 0))"),1.0) -> 1 | W24: =IFERROR(__xludf.DUMMYFUNCTION("IF(W$6="""", """", IFERROR(SUM(FILTER('기록'!$K:$K, ('기록'!$D:$D=W$6) * (IF($A$2=""전체"", TRUE, (YEAR('기록'!$A:$A)&"""")=$A$2)))), 0))"),0.0) -> 0 | X24: =IFERROR(__xludf.DUMMYFUNCTION("IF(X$6="""", """", IFERROR(SUM(FILTER('기록'!$K:$K, ('기록'!$D:$D=X$6) * (IF($A$2=""전체"", TRUE, (YEAR('기록'!$A:$A)&"""")=$A$2)))), 0))"),0.0) -> 0 | Y24: =IFERROR(__xludf.DUMMYFUNCTION("IF(Y$6="""", """", IFERROR(SUM(FILTER('기록'!$K:$K, ('기록'!$D:$D=Y$6) * (IF($A$2=""전체"", TRUE, (YEAR('기록'!$A:$A)&"""")=$A$2)))), 0))"),0.0) -> 0 | Z24: =IFERROR(__xludf.DUMMYFUNCTION("IF(Z$6="""", """", IFERROR(SUM(FILTER('기록'!$K:$K, ('기록'!$D:$D=Z$6) * (IF($A$2=""전체"", TRUE, (YEAR('기록'!$A:$A)&"""")=$A$2)))), 0))"),0.0) -> 0 | AA24: =IFERROR(__xludf.DUMMYFUNCTION("IF(AA$6="""", """", IFERROR(SUM(FILTER('기록'!$K:$K, ('기록'!$D:$D=AA$6) * (IF($A$2=""전체"", TRUE, (YEAR('기록'!$A:$A)&"""")=$A$2)))), 0))"),0.0) -> 0 | AB24: =IFERROR(__xludf.DUMMYFUNCTION("IF(AB$6="""", """", IFERROR(SUM(FILTER('기록'!$K:$K, ('기록'!$D:$D=AB$6) * (IF($A$2=""전체"", TRUE, (YEAR('기록'!$A:$A)&"""")=$A$2)))), 0))"),0.0) -> 0 | AC24: =IFERROR(__xludf.DUMMYFUNCTION("IF(AC$6="""", """", IFERROR(SUM(FILTER('기록'!$K:$K, ('기록'!$D:$D=AC$6) * (IF($A$2=""전체"", TRUE, (YEAR('기록'!$A:$A)&"""")=$A$2)))), 0))"),0.0) -> 0 | AD24: =IFERROR(__xludf.DUMMYFUNCTION("IF(AD$6="""", """", IFERROR(SUM(FILTER('기록'!$K:$K, ('기록'!$D:$D=AD$6) * (IF($A$2=""전체"", TRUE, (YEAR('기록'!$A:$A)&"""")=$A$2)))), 0))"),0.0) -> 0 | AE24: =IFERROR(__xludf.DUMMYFUNCTION("IF(AE$6="""", """", IFERROR(SUM(FILTER('기록'!$K:$K, ('기록'!$D:$D=AE$6) * (IF($A$2=""전체"", TRUE, (YEAR('기록'!$A:$A)&"""")=$A$2)))), 0))"),0.0) -> 0 | AF24: =IFERROR(__xludf.DUMMYFUNCTION("IF(AF$6="""", """", IFERROR(SUM(FILTER('기록'!$K:$K, ('기록'!$D:$D=AF$6) * (IF($A$2=""전체"", TRUE, (YEAR('기록'!$A:$A)&"""")=$A$2)))), 0))"),0.0) -> 0 | AG24: =IFERROR(__xludf.DUMMYFUNCTION("IF(AG$6="""", """", IFERROR(SUM(FILTER('기록'!$K:$K, ('기록'!$D:$D=AG$6) * (IF($A$2=""전체"", TRUE, (YEAR('기록'!$A:$A)&"""")=$A$2)))), 0))"),0.0) -> 0 | AH24: =IFERROR(__xludf.DUMMYFUNCTION("IF(AH$6="""", """", IFERROR(SUM(FILTER('기록'!$K:$K, ('기록'!$D:$D=AH$6) * (IF($A$2=""전체"", TRUE, (YEAR('기록'!$A:$A)&"""")=$A$2)))), 0))"),1.0) -> 1 | AI24: =IFERROR(__xludf.DUMMYFUNCTION("IF(AI$6="""", """", IFERROR(SUM(FILTER('기록'!$K:$K, ('기록'!$D:$D=AI$6) * (IF($A$2=""전체"", TRUE, (YEAR('기록'!$A:$A)&"""")=$A$2)))), 0))"),0.0) -> 0
B25: 삼배만 | C25: =IFERROR(__xludf.DUMMYFUNCTION("IF(C$6="""", """", IFERROR(SUM(FILTER('기록'!$L:$L, ('기록'!$D:$D=C$6) * (IF($A$2=""전체"", TRUE, (YEAR('기록'!$A:$A)&"""")=$A$2)))), 0))"),0.0) -> 0 | D25: =IFERROR(__xludf.DUMMYFUNCTION("IF(D$6="""", """", IFERROR(SUM(FILTER('기록'!$L:$L, ('기록'!$D:$D=D$6) * (IF($A$2=""전체"", TRUE, (YEAR('기록'!$A:$A)&"""")=$A$2)))), 0))"),0.0) -> 0 | E25: =IFERROR(__xludf.DUMMYFUNCTION("IF(E$6="""", """", IFERROR(SUM(FILTER('기록'!$L:$L, ('기록'!$D:$D=E$6) * (IF($A$2=""전체"", TRUE, (YEAR('기록'!$A:$A)&"""")=$A$2)))), 0))"),0.0) -> 0 | F25: =IFERROR(__xludf.DUMMYFUNCTION("IF(F$6="""", """", IFERROR(SUM(FILTER('기록'!$L:$L, ('기록'!$D:$D=F$6) * (IF($A$2=""전체"", TRUE, (YEAR('기록'!$A:$A)&"""")=$A$2)))), 0))"),0.0) -> 0 | G25: =IFERROR(__xludf.DUMMYFUNCTION("IF(G$6="""", """", IFERROR(SUM(FILTER('기록'!$L:$L, ('기록'!$D:$D=G$6) * (IF($A$2=""전체"", TRUE, (YEAR('기록'!$A:$A)&"""")=$A$2)))), 0))"),0.0) -> 0 | H25: =IFERROR(__xludf.DUMMYFUNCTION("IF(H$6="""", """", IFERROR(SUM(FILTER('기록'!$L:$L, ('기록'!$D:$D=H$6) * (IF($A$2=""전체"", TRUE, (YEAR('기록'!$A:$A)&"""")=$A$2)))), 0))"),0.0) -> 0 | I25: =IFERROR(__xludf.DUMMYFUNCTION("IF(I$6="""", """", IFERROR(SUM(FILTER('기록'!$L:$L, ('기록'!$D:$D=I$6) * (IF($A$2=""전체"", TRUE, (YEAR('기록'!$A:$A)&"""")=$A$2)))), 0))"),0.0) -> 0 | J25: =IFERROR(__xludf.DUMMYFUNCTION("IF(J$6="""", """", IFERROR(SUM(FILTER('기록'!$L:$L, ('기록'!$D:$D=J$6) * (IF($A$2=""전체"", TRUE, (YEAR('기록'!$A:$A)&"""")=$A$2)))), 0))"),0.0) -> 0 | K25: =IFERROR(__xludf.DUMMYFUNCTION("IF(K$6="""", """", IFERROR(SUM(FILTER('기록'!$L:$L, ('기록'!$D:$D=K$6) * (IF($A$2=""전체"", TRUE, (YEAR('기록'!$A:$A)&"""")=$A$2)))), 0))"),0.0) -> 0 | L25: =IFERROR(__xludf.DUMMYFUNCTION("IF(L$6="""", """", IFERROR(SUM(FILTER('기록'!$L:$L, ('기록'!$D:$D=L$6) * (IF($A$2=""전체"", TRUE, (YEAR('기록'!$A:$A)&"""")=$A$2)))), 0))"),0.0) -> 0 | M25: =IFERROR(__xludf.DUMMYFUNCTION("IF(M$6="""", """", IFERROR(SUM(FILTER('기록'!$L:$L, ('기록'!$D:$D=M$6) * (IF($A$2=""전체"", TRUE, (YEAR('기록'!$A:$A)&"""")=$A$2)))), 0))"),0.0) -> 0 | N25: =IFERROR(__xludf.DUMMYFUNCTION("IF(N$6="""", """", IFERROR(SUM(FILTER('기록'!$L:$L, ('기록'!$D:$D=N$6) * (IF($A$2=""전체"", TRUE, (YEAR('기록'!$A:$A)&"""")=$A$2)))), 0))"),0.0) -> 0 | O25: =IFERROR(__xludf.DUMMYFUNCTION("IF(O$6="""", """", IFERROR(SUM(FILTER('기록'!$L:$L, ('기록'!$D:$D=O$6) * (IF($A$2=""전체"", TRUE, (YEAR('기록'!$A:$A)&"""")=$A$2)))), 0))"),0.0) -> 0 | P25: =IFERROR(__xludf.DUMMYFUNCTION("IF(P$6="""", """", IFERROR(SUM(FILTER('기록'!$L:$L, ('기록'!$D:$D=P$6) * (IF($A$2=""전체"", TRUE, (YEAR('기록'!$A:$A)&"""")=$A$2)))), 0))"),0.0) -> 0 | Q25: =IFERROR(__xludf.DUMMYFUNCTION("IF(Q$6="""", """", IFERROR(SUM(FILTER('기록'!$L:$L, ('기록'!$D:$D=Q$6) * (IF($A$2=""전체"", TRUE, (YEAR('기록'!$A:$A)&"""")=$A$2)))), 0))"),0.0) -> 0 | R25: =IFERROR(__xludf.DUMMYFUNCTION("IF(R$6="""", """", IFERROR(SUM(FILTER('기록'!$L:$L, ('기록'!$D:$D=R$6) * (IF($A$2=""전체"", TRUE, (YEAR('기록'!$A:$A)&"""")=$A$2)))), 0))"),0.0) -> 0 | S25: =IFERROR(__xludf.DUMMYFUNCTION("IF(S$6="""", """", IFERROR(SUM(FILTER('기록'!$L:$L, ('기록'!$D:$D=S$6) * (IF($A$2=""전체"", TRUE, (YEAR('기록'!$A:$A)&"""")=$A$2)))), 0))"),0.0) -> 0 | T25: =IFERROR(__xludf.DUMMYFUNCTION("IF(T$6="""", """", IFERROR(SUM(FILTER('기록'!$L:$L, ('기록'!$D:$D=T$6) * (IF($A$2=""전체"", TRUE, (YEAR('기록'!$A:$A)&"""")=$A$2)))), 0))"),0.0) -> 0 | U25: =IFERROR(__xludf.DUMMYFUNCTION("IF(U$6="""", """", IFERROR(SUM(FILTER('기록'!$L:$L, ('기록'!$D:$D=U$6) * (IF($A$2=""전체"", TRUE, (YEAR('기록'!$A:$A)&"""")=$A$2)))), 0))"),0.0) -> 0 | V25: =IFERROR(__xludf.DUMMYFUNCTION("IF(V$6="""", """", IFERROR(SUM(FILTER('기록'!$L:$L, ('기록'!$D:$D=V$6) * (IF($A$2=""전체"", TRUE, (YEAR('기록'!$A:$A)&"""")=$A$2)))), 0))"),0.0) -> 0 | W25: =IFERROR(__xludf.DUMMYFUNCTION("IF(W$6="""", """", IFERROR(SUM(FILTER('기록'!$L:$L, ('기록'!$D:$D=W$6) * (IF($A$2=""전체"", TRUE, (YEAR('기록'!$A:$A)&"""")=$A$2)))), 0))"),0.0) -> 0 | X25: =IFERROR(__xludf.DUMMYFUNCTION("IF(X$6="""", """", IFERROR(SUM(FILTER('기록'!$L:$L, ('기록'!$D:$D=X$6) * (IF($A$2=""전체"", TRUE, (YEAR('기록'!$A:$A)&"""")=$A$2)))), 0))"),0.0) -> 0 | Y25: =IFERROR(__xludf.DUMMYFUNCTION("IF(Y$6="""", """", IFERROR(SUM(FILTER('기록'!$L:$L, ('기록'!$D:$D=Y$6) * (IF($A$2=""전체"", TRUE, (YEAR('기록'!$A:$A)&"""")=$A$2)))), 0))"),0.0) -> 0 | Z25: =IFERROR(__xludf.DUMMYFUNCTION("IF(Z$6="""", """", IFERROR(SUM(FILTER('기록'!$L:$L, ('기록'!$D:$D=Z$6) * (IF($A$2=""전체"", TRUE, (YEAR('기록'!$A:$A)&"""")=$A$2)))), 0))"),0.0) -> 0 | AA25: =IFERROR(__xludf.DUMMYFUNCTION("IF(AA$6="""", """", IFERROR(SUM(FILTER('기록'!$L:$L, ('기록'!$D:$D=AA$6) * (IF($A$2=""전체"", TRUE, (YEAR('기록'!$A:$A)&"""")=$A$2)))), 0))"),0.0) -> 0 | AB25: =IFERROR(__xludf.DUMMYFUNCTION("IF(AB$6="""", """", IFERROR(SUM(FILTER('기록'!$L:$L, ('기록'!$D:$D=AB$6) * (IF($A$2=""전체"", TRUE, (YEAR('기록'!$A:$A)&"""")=$A$2)))), 0))"),0.0) -> 0 | AC25: =IFERROR(__xludf.DUMMYFUNCTION("IF(AC$6="""", """", IFERROR(SUM(FILTER('기록'!$L:$L, ('기록'!$D:$D=AC$6) * (IF($A$2=""전체"", TRUE, (YEAR('기록'!$A:$A)&"""")=$A$2)))), 0))"),0.0) -> 0 | AD25: =IFERROR(__xludf.DUMMYFUNCTION("IF(AD$6="""", """", IFERROR(SUM(FILTER('기록'!$L:$L, ('기록'!$D:$D=AD$6) * (IF($A$2=""전체"", TRUE, (YEAR('기록'!$A:$A)&"""")=$A$2)))), 0))"),0.0) -> 0 | AE25: =IFERROR(__xludf.DUMMYFUNCTION("IF(AE$6="""", """", IFERROR(SUM(FILTER('기록'!$L:$L, ('기록'!$D:$D=AE$6) * (IF($A$2=""전체"", TRUE, (YEAR('기록'!$A:$A)&"""")=$A$2)))), 0))"),0.0) -> 0 | AF25: =IFERROR(__xludf.DUMMYFUNCTION("IF(AF$6="""", """", IFERROR(SUM(FILTER('기록'!$L:$L, ('기록'!$D:$D=AF$6) * (IF($A$2=""전체"", TRUE, (YEAR('기록'!$A:$A)&"""")=$A$2)))), 0))"),0.0) -> 0 | AG25: =IFERROR(__xludf.DUMMYFUNCTION("IF(AG$6="""", """", IFERROR(SUM(FILTER('기록'!$L:$L, ('기록'!$D:$D=AG$6) * (IF($A$2=""전체"", TRUE, (YEAR('기록'!$A:$A)&"""")=$A$2)))), 0))"),0.0) -> 0 | AH25: =IFERROR(__xludf.DUMMYFUNCTION("IF(AH$6="""", """", IFERROR(SUM(FILTER('기록'!$L:$L, ('기록'!$D:$D=AH$6) * (IF($A$2=""전체"", TRUE, (YEAR('기록'!$A:$A)&"""")=$A$2)))), 0))"),0.0) -> 0 | AI25: =IFERROR(__xludf.DUMMYFUNCTION("IF(AI$6="""", """", IFERROR(SUM(FILTER('기록'!$L:$L, ('기록'!$D:$D=AI$6) * (IF($A$2=""전체"", TRUE, (YEAR('기록'!$A:$A)&"""")=$A$2)))), 0))"),0.0) -> 0
B26: 역만 | C26: =IFERROR(__xludf.DUMMYFUNCTION("IF(C$6="""", """", IFERROR(SUM(FILTER('기록'!$M:$M, ('기록'!$D:$D=C$6) * (IF($A$2=""전체"", TRUE, (YEAR('기록'!$A:$A)&"""")=$A$2)))), 0))"),0.0) -> 0 | D26: =IFERROR(__xludf.DUMMYFUNCTION("IF(D$6="""", """", IFERROR(SUM(FILTER('기록'!$M:$M, ('기록'!$D:$D=D$6) * (IF($A$2=""전체"", TRUE, (YEAR('기록'!$A:$A)&"""")=$A$2)))), 0))"),0.0) -> 0 | E26: =IFERROR(__xludf.DUMMYFUNCTION("IF(E$6="""", """", IFERROR(SUM(FILTER('기록'!$M:$M, ('기록'!$D:$D=E$6) * (IF($A$2=""전체"", TRUE, (YEAR('기록'!$A:$A)&"""")=$A$2)))), 0))"),0.0) -> 0 | F26: =IFERROR(__xludf.DUMMYFUNCTION("IF(F$6="""", """", IFERROR(SUM(FILTER('기록'!$M:$M, ('기록'!$D:$D=F$6) * (IF($A$2=""전체"", TRUE, (YEAR('기록'!$A:$A)&"""")=$A$2)))), 0))"),0.0) -> 0 | G26: =IFERROR(__xludf.DUMMYFUNCTION("IF(G$6="""", """", IFERROR(SUM(FILTER('기록'!$M:$M, ('기록'!$D:$D=G$6) * (IF($A$2=""전체"", TRUE, (YEAR('기록'!$A:$A)&"""")=$A$2)))), 0))"),0.0) -> 0 | H26: =IFERROR(__xludf.DUMMYFUNCTION("IF(H$6="""", """", IFERROR(SUM(FILTER('기록'!$M:$M, ('기록'!$D:$D=H$6) * (IF($A$2=""전체"", TRUE, (YEAR('기록'!$A:$A)&"""")=$A$2)))), 0))"),0.0) -> 0 | I26: =IFERROR(__xludf.DUMMYFUNCTION("IF(I$6="""", """", IFERROR(SUM(FILTER('기록'!$M:$M, ('기록'!$D:$D=I$6) * (IF($A$2=""전체"", TRUE, (YEAR('기록'!$A:$A)&"""")=$A$2)))), 0))"),0.0) -> 0 | J26: =IFERROR(__xludf.DUMMYFUNCTION("IF(J$6="""", """", IFERROR(SUM(FILTER('기록'!$M:$M, ('기록'!$D:$D=J$6) * (IF($A$2=""전체"", TRUE, (YEAR('기록'!$A:$A)&"""")=$A$2)))), 0))"),0.0) -> 0 | K26: =IFERROR(__xludf.DUMMYFUNCTION("IF(K$6="""", """", IFERROR(SUM(FILTER('기록'!$M:$M, ('기록'!$D:$D=K$6) * (IF($A$2=""전체"", TRUE, (YEAR('기록'!$A:$A)&"""")=$A$2)))), 0))"),0.0) -> 0 | L26: =IFERROR(__xludf.DUMMYFUNCTION("IF(L$6="""", """", IFERROR(SUM(FILTER('기록'!$M:$M, ('기록'!$D:$D=L$6) * (IF($A$2=""전체"", TRUE, (YEAR('기록'!$A:$A)&"""")=$A$2)))), 0))"),0.0) -> 0 | M26: =IFERROR(__xludf.DUMMYFUNCTION("IF(M$6="""", """", IFERROR(SUM(FILTER('기록'!$M:$M, ('기록'!$D:$D=M$6) * (IF($A$2=""전체"", TRUE, (YEAR('기록'!$A:$A)&"""")=$A$2)))), 0))"),0.0) -> 0 | N26: =IFERROR(__xludf.DUMMYFUNCTION("IF(N$6="""", """", IFERROR(SUM(FILTER('기록'!$M:$M, ('기록'!$D:$D=N$6) * (IF($A$2=""전체"", TRUE, (YEAR('기록'!$A:$A)&"""")=$A$2)))), 0))"),0.0) -> 0 | O26: =IFERROR(__xludf.DUMMYFUNCTION("IF(O$6="""", """", IFERROR(SUM(FILTER('기록'!$M:$M, ('기록'!$D:$D=O$6) * (IF($A$2=""전체"", TRUE, (YEAR('기록'!$A:$A)&"""")=$A$2)))), 0))"),0.0) -> 0 | P26: =IFERROR(__xludf.DUMMYFUNCTION("IF(P$6="""", """", IFERROR(SUM(FILTER('기록'!$M:$M, ('기록'!$D:$D=P$6) * (IF($A$2=""전체"", TRUE, (YEAR('기록'!$A:$A)&"""")=$A$2)))), 0))"),0.0) -> 0 | Q26: =IFERROR(__xludf.DUMMYFUNCTION("IF(Q$6="""", """", IFERROR(SUM(FILTER('기록'!$M:$M, ('기록'!$D:$D=Q$6) * (IF($A$2=""전체"", TRUE, (YEAR('기록'!$A:$A)&"""")=$A$2)))), 0))"),0.0) -> 0 | R26: =IFERROR(__xludf.DUMMYFUNCTION("IF(R$6="""", """", IFERROR(SUM(FILTER('기록'!$M:$M, ('기록'!$D:$D=R$6) * (IF($A$2=""전체"", TRUE, (YEAR('기록'!$A:$A)&"""")=$A$2)))), 0))"),0.0) -> 0 | S26: =IFERROR(__xludf.DUMMYFUNCTION("IF(S$6="""", """", IFERROR(SUM(FILTER('기록'!$M:$M, ('기록'!$D:$D=S$6) * (IF($A$2=""전체"", TRUE, (YEAR('기록'!$A:$A)&"""")=$A$2)))), 0))"),0.0) -> 0 | T26: =IFERROR(__xludf.DUMMYFUNCTION("IF(T$6="""", """", IFERROR(SUM(FILTER('기록'!$M:$M, ('기록'!$D:$D=T$6) * (IF($A$2=""전체"", TRUE, (YEAR('기록'!$A:$A)&"""")=$A$2)))), 0))"),0.0) -> 0 | U26: =IFERROR(__xludf.DUMMYFUNCTION("IF(U$6="""", """", IFERROR(SUM(FILTER('기록'!$M:$M, ('기록'!$D:$D=U$6) * (IF($A$2=""전체"", TRUE, (YEAR('기록'!$A:$A)&"""")=$A$2)))), 0))"),0.0) -> 0 | V26: =IFERROR(__xludf.DUMMYFUNCTION("IF(V$6="""", """", IFERROR(SUM(FILTER('기록'!$M:$M, ('기록'!$D:$D=V$6) * (IF($A$2=""전체"", TRUE, (YEAR('기록'!$A:$A)&"""")=$A$2)))), 0))"),0.0) -> 0 | W26: =IFERROR(__xludf.DUMMYFUNCTION("IF(W$6="""", """", IFERROR(SUM(FILTER('기록'!$M:$M, ('기록'!$D:$D=W$6) * (IF($A$2=""전체"", TRUE, (YEAR('기록'!$A:$A)&"""")=$A$2)))), 0))"),0.0) -> 0 | X26: =IFERROR(__xludf.DUMMYFUNCTION("IF(X$6="""", """", IFERROR(SUM(FILTER('기록'!$M:$M, ('기록'!$D:$D=X$6) * (IF($A$2=""전체"", TRUE, (YEAR('기록'!$A:$A)&"""")=$A$2)))), 0))"),0.0) -> 0 | Y26: =IFERROR(__xludf.DUMMYFUNCTION("IF(Y$6="""", """", IFERROR(SUM(FILTER('기록'!$M:$M, ('기록'!$D:$D=Y$6) * (IF($A$2=""전체"", TRUE, (YEAR('기록'!$A:$A)&"""")=$A$2)))), 0))"),0.0) -> 0 | Z26: =IFERROR(__xludf.DUMMYFUNCTION("IF(Z$6="""", """", IFERROR(SUM(FILTER('기록'!$M:$M, ('기록'!$D:$D=Z$6) * (IF($A$2=""전체"", TRUE, (YEAR('기록'!$A:$A)&"""")=$A$2)))), 0))"),0.0) -> 0 | AA26: =IFERROR(__xludf.DUMMYFUNCTION("IF(AA$6="""", """", IFERROR(SUM(FILTER('기록'!$M:$M, ('기록'!$D:$D=AA$6) * (IF($A$2=""전체"", TRUE, (YEAR('기록'!$A:$A)&"""")=$A$2)))), 0))"),0.0) -> 0 | AB26: =IFERROR(__xludf.DUMMYFUNCTION("IF(AB$6="""", """", IFERROR(SUM(FILTER('기록'!$M:$M, ('기록'!$D:$D=AB$6) * (IF($A$2=""전체"", TRUE, (YEAR('기록'!$A:$A)&"""")=$A$2)))), 0))"),0.0) -> 0 | AC26: =IFERROR(__xludf.DUMMYFUNCTION("IF(AC$6="""", """", IFERROR(SUM(FILTER('기록'!$M:$M, ('기록'!$D:$D=AC$6) * (IF($A$2=""전체"", TRUE, (YEAR('기록'!$A:$A)&"""")=$A$2)))), 0))"),0.0) -> 0 | AD26: =IFERROR(__xludf.DUMMYFUNCTION("IF(AD$6="""", """", IFERROR(SUM(FILTER('기록'!$M:$M, ('기록'!$D:$D=AD$6) * (IF($A$2=""전체"", TRUE, (YEAR('기록'!$A:$A)&"""")=$A$2)))), 0))"),0.0) -> 0 | AE26: =IFERROR(__xludf.DUMMYFUNCTION("IF(AE$6="""", """", IFERROR(SUM(FILTER('기록'!$M:$M, ('기록'!$D:$D=AE$6) * (IF($A$2=""전체"", TRUE, (YEAR('기록'!$A:$A)&"""")=$A$2)))), 0))"),0.0) -> 0 | AF26: =IFERROR(__xludf.DUMMYFUNCTION("IF(AF$6="""", """", IFERROR(SUM(FILTER('기록'!$M:$M, ('기록'!$D:$D=AF$6) * (IF($A$2=""전체"", TRUE, (YEAR('기록'!$A:$A)&"""")=$A$2)))), 0))"),0.0) -> 0 | AG26: =IFERROR(__xludf.DUMMYFUNCTION("IF(AG$6="""", """", IFERROR(SUM(FILTER('기록'!$M:$M, ('기록'!$D:$D=AG$6) * (IF($A$2=""전체"", TRUE, (YEAR('기록'!$A:$A)&"""")=$A$2)))), 0))"),0.0) -> 0 | AH26: =IFERROR(__xludf.DUMMYFUNCTION("IF(AH$6="""", """", IFERROR(SUM(FILTER('기록'!$M:$M, ('기록'!$D:$D=AH$6) * (IF($A$2=""전체"", TRUE, (YEAR('기록'!$A:$A)&"""")=$A$2)))), 0))"),0.0) -> 0 | AI26: =IFERROR(__xludf.DUMMYFUNCTION("IF(AI$6="""", """", IFERROR(SUM(FILTER('기록'!$M:$M, ('기록'!$D:$D=AI$6) * (IF($A$2=""전체"", TRUE, (YEAR('기록'!$A:$A)&"""")=$A$2)))), 0))"),0.0) -> 0
B27: 헤아림역만 | C27: =IFERROR(__xludf.DUMMYFUNCTION("IF(C$6="""", """", IFERROR(SUM(FILTER('기록'!$N:$N, ('기록'!$D:$D=C$6) * (IF($A$2=""전체"", TRUE, (YEAR('기록'!$A:$A)&"""")=$A$2)))), 0))"),0.0) -> 0 | D27: =IFERROR(__xludf.DUMMYFUNCTION("IF(D$6="""", """", IFERROR(SUM(FILTER('기록'!$N:$N, ('기록'!$D:$D=D$6) * (IF($A$2=""전체"", TRUE, (YEAR('기록'!$A:$A)&"""")=$A$2)))), 0))"),0.0) -> 0 | E27: =IFERROR(__xludf.DUMMYFUNCTION("IF(E$6="""", """", IFERROR(SUM(FILTER('기록'!$N:$N, ('기록'!$D:$D=E$6) * (IF($A$2=""전체"", TRUE, (YEAR('기록'!$A:$A)&"""")=$A$2)))), 0))"),0.0) -> 0 | F27: =IFERROR(__xludf.DUMMYFUNCTION("IF(F$6="""", """", IFERROR(SUM(FILTER('기록'!$N:$N, ('기록'!$D:$D=F$6) * (IF($A$2=""전체"", TRUE, (YEAR('기록'!$A:$A)&"""")=$A$2)))), 0))"),0.0) -> 0 | G27: =IFERROR(__xludf.DUMMYFUNCTION("IF(G$6="""", """", IFERROR(SUM(FILTER('기록'!$N:$N, ('기록'!$D:$D=G$6) * (IF($A$2=""전체"", TRUE, (YEAR('기록'!$A:$A)&"""")=$A$2)))), 0))"),0.0) -> 0 | H27: =IFERROR(__xludf.DUMMYFUNCTION("IF(H$6="""", """", IFERROR(SUM(FILTER('기록'!$N:$N, ('기록'!$D:$D=H$6) * (IF($A$2=""전체"", TRUE, (YEAR('기록'!$A:$A)&"""")=$A$2)))), 0))"),0.0) -> 0 | I27: =IFERROR(__xludf.DUMMYFUNCTION("IF(I$6="""", """", IFERROR(SUM(FILTER('기록'!$N:$N, ('기록'!$D:$D=I$6) * (IF($A$2=""전체"", TRUE, (YEAR('기록'!$A:$A)&"""")=$A$2)))), 0))"),0.0) -> 0 | J27: =IFERROR(__xludf.DUMMYFUNCTION("IF(J$6="""", """", IFERROR(SUM(FILTER('기록'!$N:$N, ('기록'!$D:$D=J$6) * (IF($A$2=""전체"", TRUE, (YEAR('기록'!$A:$A)&"""")=$A$2)))), 0))"),0.0) -> 0 | K27: =IFERROR(__xludf.DUMMYFUNCTION("IF(K$6="""", """", IFERROR(SUM(FILTER('기록'!$N:$N, ('기록'!$D:$D=K$6) * (IF($A$2=""전체"", TRUE, (YEAR('기록'!$A:$A)&"""")=$A$2)))), 0))"),0.0) -> 0 | L27: =IFERROR(__xludf.DUMMYFUNCTION("IF(L$6="""", """", IFERROR(SUM(FILTER('기록'!$N:$N, ('기록'!$D:$D=L$6) * (IF($A$2=""전체"", TRUE, (YEAR('기록'!$A:$A)&"""")=$A$2)))), 0))"),0.0) -> 0 | M27: =IFERROR(__xludf.DUMMYFUNCTION("IF(M$6="""", """", IFERROR(SUM(FILTER('기록'!$N:$N, ('기록'!$D:$D=M$6) * (IF($A$2=""전체"", TRUE, (YEAR('기록'!$A:$A)&"""")=$A$2)))), 0))"),0.0) -> 0 | N27: =IFERROR(__xludf.DUMMYFUNCTION("IF(N$6="""", """", IFERROR(SUM(FILTER('기록'!$N:$N, ('기록'!$D:$D=N$6) * (IF($A$2=""전체"", TRUE, (YEAR('기록'!$A:$A)&"""")=$A$2)))), 0))"),0.0) -> 0 | O27: =IFERROR(__xludf.DUMMYFUNCTION("IF(O$6="""", """", IFERROR(SUM(FILTER('기록'!$N:$N, ('기록'!$D:$D=O$6) * (IF($A$2=""전체"", TRUE, (YEAR('기록'!$A:$A)&"""")=$A$2)))), 0))"),0.0) -> 0 | P27: =IFERROR(__xludf.DUMMYFUNCTION("IF(P$6="""", """", IFERROR(SUM(FILTER('기록'!$N:$N, ('기록'!$D:$D=P$6) * (IF($A$2=""전체"", TRUE, (YEAR('기록'!$A:$A)&"""")=$A$2)))), 0))"),0.0) -> 0 | Q27: =IFERROR(__xludf.DUMMYFUNCTION("IF(Q$6="""", """", IFERROR(SUM(FILTER('기록'!$N:$N, ('기록'!$D:$D=Q$6) * (IF($A$2=""전체"", TRUE, (YEAR('기록'!$A:$A)&"""")=$A$2)))), 0))"),0.0) -> 0 | R27: =IFERROR(__xludf.DUMMYFUNCTION("IF(R$6="""", """", IFERROR(SUM(FILTER('기록'!$N:$N, ('기록'!$D:$D=R$6) * (IF($A$2=""전체"", TRUE, (YEAR('기록'!$A:$A)&"""")=$A$2)))), 0))"),0.0) -> 0 | S27: =IFERROR(__xludf.DUMMYFUNCTION("IF(S$6="""", """", IFERROR(SUM(FILTER('기록'!$N:$N, ('기록'!$D:$D=S$6) * (IF($A$2=""전체"", TRUE, (YEAR('기록'!$A:$A)&"""")=$A$2)))), 0))"),0.0) -> 0 | T27: =IFERROR(__xludf.DUMMYFUNCTION("IF(T$6="""", """", IFERROR(SUM(FILTER('기록'!$N:$N, ('기록'!$D:$D=T$6) * (IF($A$2=""전체"", TRUE, (YEAR('기록'!$A:$A)&"""")=$A$2)))), 0))"),0.0) -> 0 | U27: =IFERROR(__xludf.DUMMYFUNCTION("IF(U$6="""", """", IFERROR(SUM(FILTER('기록'!$N:$N, ('기록'!$D:$D=U$6) * (IF($A$2=""전체"", TRUE, (YEAR('기록'!$A:$A)&"""")=$A$2)))), 0))"),0.0) -> 0 | V27: =IFERROR(__xludf.DUMMYFUNCTION("IF(V$6="""", """", IFERROR(SUM(FILTER('기록'!$N:$N, ('기록'!$D:$D=V$6) * (IF($A$2=""전체"", TRUE, (YEAR('기록'!$A:$A)&"""")=$A$2)))), 0))"),0.0) -> 0 | W27: =IFERROR(__xludf.DUMMYFUNCTION("IF(W$6="""", """", IFERROR(SUM(FILTER('기록'!$N:$N, ('기록'!$D:$D=W$6) * (IF($A$2=""전체"", TRUE, (YEAR('기록'!$A:$A)&"""")=$A$2)))), 0))"),0.0) -> 0 | X27: =IFERROR(__xludf.DUMMYFUNCTION("IF(X$6="""", """", IFERROR(SUM(FILTER('기록'!$N:$N, ('기록'!$D:$D=X$6) * (IF($A$2=""전체"", TRUE, (YEAR('기록'!$A:$A)&"""")=$A$2)))), 0))"),0.0) -> 0 | Y27: =IFERROR(__xludf.DUMMYFUNCTION("IF(Y$6="""", """", IFERROR(SUM(FILTER('기록'!$N:$N, ('기록'!$D:$D=Y$6) * (IF($A$2=""전체"", TRUE, (YEAR('기록'!$A:$A)&"""")=$A$2)))), 0))"),0.0) -> 0 | Z27: =IFERROR(__xludf.DUMMYFUNCTION("IF(Z$6="""", """", IFERROR(SUM(FILTER('기록'!$N:$N, ('기록'!$D:$D=Z$6) * (IF($A$2=""전체"", TRUE, (YEAR('기록'!$A:$A)&"""")=$A$2)))), 0))"),0.0) -> 0 | AA27: =IFERROR(__xludf.DUMMYFUNCTION("IF(AA$6="""", """", IFERROR(SUM(FILTER('기록'!$N:$N, ('기록'!$D:$D=AA$6) * (IF($A$2=""전체"", TRUE, (YEAR('기록'!$A:$A)&"""")=$A$2)))), 0))"),0.0) -> 0 | AB27: =IFERROR(__xludf.DUMMYFUNCTION("IF(AB$6="""", """", IFERROR(SUM(FILTER('기록'!$N:$N, ('기록'!$D:$D=AB$6) * (IF($A$2=""전체"", TRUE, (YEAR('기록'!$A:$A)&"""")=$A$2)))), 0))"),0.0) -> 0 | AC27: =IFERROR(__xludf.DUMMYFUNCTION("IF(AC$6="""", """", IFERROR(SUM(FILTER('기록'!$N:$N, ('기록'!$D:$D=AC$6) * (IF($A$2=""전체"", TRUE, (YEAR('기록'!$A:$A)&"""")=$A$2)))), 0))"),0.0) -> 0 | AD27: =IFERROR(__xludf.DUMMYFUNCTION("IF(AD$6="""", """", IFERROR(SUM(FILTER('기록'!$N:$N, ('기록'!$D:$D=AD$6) * (IF($A$2=""전체"", TRUE, (YEAR('기록'!$A:$A)&"""")=$A$2)))), 0))"),0.0) -> 0 | AE27: =IFERROR(__xludf.DUMMYFUNCTION("IF(AE$6="""", """", IFERROR(SUM(FILTER('기록'!$N:$N, ('기록'!$D:$D=AE$6) * (IF($A$2=""전체"", TRUE, (YEAR('기록'!$A:$A)&"""")=$A$2)))), 0))"),0.0) -> 0 | AF27: =IFERROR(__xludf.DUMMYFUNCTION("IF(AF$6="""", """", IFERROR(SUM(FILTER('기록'!$N:$N, ('기록'!$D:$D=AF$6) * (IF($A$2=""전체"", TRUE, (YEAR('기록'!$A:$A)&"""")=$A$2)))), 0))"),0.0) -> 0 | AG27: =IFERROR(__xludf.DUMMYFUNCTION("IF(AG$6="""", """", IFERROR(SUM(FILTER('기록'!$N:$N, ('기록'!$D:$D=AG$6) * (IF($A$2=""전체"", TRUE, (YEAR('기록'!$A:$A)&"""")=$A$2)))), 0))"),0.0) -> 0 | AH27: =IFERROR(__xludf.DUMMYFUNCTION("IF(AH$6="""", """", IFERROR(SUM(FILTER('기록'!$N:$N, ('기록'!$D:$D=AH$6) * (IF($A$2=""전체"", TRUE, (YEAR('기록'!$A:$A)&"""")=$A$2)))), 0))"),0.0) -> 0 | AI27: =IFERROR(__xludf.DUMMYFUNCTION("IF(AI$6="""", """", IFERROR(SUM(FILTER('기록'!$N:$N, ('기록'!$D:$D=AI$6) * (IF($A$2=""전체"", TRUE, (YEAR('기록'!$A:$A)&"""")=$A$2)))), 0))"),0.0) -> 0
B28: 더블역만 이상 | C28: =IFERROR(__xludf.DUMMYFUNCTION("IF(C$6="""", """", IFERROR(SUM(FILTER('기록'!$O:$O, ('기록'!$D:$D=C$6) * (IF($A$2=""전체"", TRUE, (YEAR('기록'!$A:$A)&"""")=$A$2)))), 0))"),0.0) -> 0 | D28: =IFERROR(__xludf.DUMMYFUNCTION("IF(D$6="""", """", IFERROR(SUM(FILTER('기록'!$O:$O, ('기록'!$D:$D=D$6) * (IF($A$2=""전체"", TRUE, (YEAR('기록'!$A:$A)&"""")=$A$2)))), 0))"),0.0) -> 0 | E28: =IFERROR(__xludf.DUMMYFUNCTION("IF(E$6="""", """", IFERROR(SUM(FILTER('기록'!$O:$O, ('기록'!$D:$D=E$6) * (IF($A$2=""전체"", TRUE, (YEAR('기록'!$A:$A)&"""")=$A$2)))), 0))"),0.0) -> 0 | F28: =IFERROR(__xludf.DUMMYFUNCTION("IF(F$6="""", """", IFERROR(SUM(FILTER('기록'!$O:$O, ('기록'!$D:$D=F$6) * (IF($A$2=""전체"", TRUE, (YEAR('기록'!$A:$A)&"""")=$A$2)))), 0))"),0.0) -> 0 | G28: =IFERROR(__xludf.DUMMYFUNCTION("IF(G$6="""", """", IFERROR(SUM(FILTER('기록'!$O:$O, ('기록'!$D:$D=G$6) * (IF($A$2=""전체"", TRUE, (YEAR('기록'!$A:$A)&"""")=$A$2)))), 0))"),0.0) -> 0 | H28: =IFERROR(__xludf.DUMMYFUNCTION("IF(H$6="""", """", IFERROR(SUM(FILTER('기록'!$O:$O, ('기록'!$D:$D=H$6) * (IF($A$2=""전체"", TRUE, (YEAR('기록'!$A:$A)&"""")=$A$2)))), 0))"),0.0) -> 0 | I28: =IFERROR(__xludf.DUMMYFUNCTION("IF(I$6="""", """", IFERROR(SUM(FILTER('기록'!$O:$O, ('기록'!$D:$D=I$6) * (IF($A$2=""전체"", TRUE, (YEAR('기록'!$A:$A)&"""")=$A$2)))), 0))"),0.0) -> 0 | J28: =IFERROR(__xludf.DUMMYFUNCTION("IF(J$6="""", """", IFERROR(SUM(FILTER('기록'!$O:$O, ('기록'!$D:$D=J$6) * (IF($A$2=""전체"", TRUE, (YEAR('기록'!$A:$A)&"""")=$A$2)))), 0))"),0.0) -> 0 | K28: =IFERROR(__xludf.DUMMYFUNCTION("IF(K$6="""", """", IFERROR(SUM(FILTER('기록'!$O:$O, ('기록'!$D:$D=K$6) * (IF($A$2=""전체"", TRUE, (YEAR('기록'!$A:$A)&"""")=$A$2)))), 0))"),0.0) -> 0 | L28: =IFERROR(__xludf.DUMMYFUNCTION("IF(L$6="""", """", IFERROR(SUM(FILTER('기록'!$O:$O, ('기록'!$D:$D=L$6) * (IF($A$2=""전체"", TRUE, (YEAR('기록'!$A:$A)&"""")=$A$2)))), 0))"),0.0) -> 0 | M28: =IFERROR(__xludf.DUMMYFUNCTION("IF(M$6="""", """", IFERROR(SUM(FILTER('기록'!$O:$O, ('기록'!$D:$D=M$6) * (IF($A$2=""전체"", TRUE, (YEAR('기록'!$A:$A)&"""")=$A$2)))), 0))"),0.0) -> 0 | N28: =IFERROR(__xludf.DUMMYFUNCTION("IF(N$6="""", """", IFERROR(SUM(FILTER('기록'!$O:$O, ('기록'!$D:$D=N$6) * (IF($A$2=""전체"", TRUE, (YEAR('기록'!$A:$A)&"""")=$A$2)))), 0))"),0.0) -> 0 | O28: =IFERROR(__xludf.DUMMYFUNCTION("IF(O$6="""", """", IFERROR(SUM(FILTER('기록'!$O:$O, ('기록'!$D:$D=O$6) * (IF($A$2=""전체"", TRUE, (YEAR('기록'!$A:$A)&"""")=$A$2)))), 0))"),0.0) -> 0 | P28: =IFERROR(__xludf.DUMMYFUNCTION("IF(P$6="""", """", IFERROR(SUM(FILTER('기록'!$O:$O, ('기록'!$D:$D=P$6) * (IF($A$2=""전체"", TRUE, (YEAR('기록'!$A:$A)&"""")=$A$2)))), 0))"),0.0) -> 0 | Q28: =IFERROR(__xludf.DUMMYFUNCTION("IF(Q$6="""", """", IFERROR(SUM(FILTER('기록'!$O:$O, ('기록'!$D:$D=Q$6) * (IF($A$2=""전체"", TRUE, (YEAR('기록'!$A:$A)&"""")=$A$2)))), 0))"),0.0) -> 0 | R28: =IFERROR(__xludf.DUMMYFUNCTION("IF(R$6="""", """", IFERROR(SUM(FILTER('기록'!$O:$O, ('기록'!$D:$D=R$6) * (IF($A$2=""전체"", TRUE, (YEAR('기록'!$A:$A)&"""")=$A$2)))), 0))"),0.0) -> 0 | S28: =IFERROR(__xludf.DUMMYFUNCTION("IF(S$6="""", """", IFERROR(SUM(FILTER('기록'!$O:$O, ('기록'!$D:$D=S$6) * (IF($A$2=""전체"", TRUE, (YEAR('기록'!$A:$A)&"""")=$A$2)))), 0))"),0.0) -> 0 | T28: =IFERROR(__xludf.DUMMYFUNCTION("IF(T$6="""", """", IFERROR(SUM(FILTER('기록'!$O:$O, ('기록'!$D:$D=T$6) * (IF($A$2=""전체"", TRUE, (YEAR('기록'!$A:$A)&"""")=$A$2)))), 0))"),0.0) -> 0 | U28: =IFERROR(__xludf.DUMMYFUNCTION("IF(U$6="""", """", IFERROR(SUM(FILTER('기록'!$O:$O, ('기록'!$D:$D=U$6) * (IF($A$2=""전체"", TRUE, (YEAR('기록'!$A:$A)&"""")=$A$2)))), 0))"),0.0) -> 0 | V28: =IFERROR(__xludf.DUMMYFUNCTION("IF(V$6="""", """", IFERROR(SUM(FILTER('기록'!$O:$O, ('기록'!$D:$D=V$6) * (IF($A$2=""전체"", TRUE, (YEAR('기록'!$A:$A)&"""")=$A$2)))), 0))"),0.0) -> 0 | W28: =IFERROR(__xludf.DUMMYFUNCTION("IF(W$6="""", """", IFERROR(SUM(FILTER('기록'!$O:$O, ('기록'!$D:$D=W$6) * (IF($A$2=""전체"", TRUE, (YEAR('기록'!$A:$A)&"""")=$A$2)))), 0))"),0.0) -> 0 | X28: =IFERROR(__xludf.DUMMYFUNCTION("IF(X$6="""", """", IFERROR(SUM(FILTER('기록'!$O:$O, ('기록'!$D:$D=X$6) * (IF($A$2=""전체"", TRUE, (YEAR('기록'!$A:$A)&"""")=$A$2)))), 0))"),0.0) -> 0 | Y28: =IFERROR(__xludf.DUMMYFUNCTION("IF(Y$6="""", """", IFERROR(SUM(FILTER('기록'!$O:$O, ('기록'!$D:$D=Y$6) * (IF($A$2=""전체"", TRUE, (YEAR('기록'!$A:$A)&"""")=$A$2)))), 0))"),0.0) -> 0 | Z28: =IFERROR(__xludf.DUMMYFUNCTION("IF(Z$6="""", """", IFERROR(SUM(FILTER('기록'!$O:$O, ('기록'!$D:$D=Z$6) * (IF($A$2=""전체"", TRUE, (YEAR('기록'!$A:$A)&"""")=$A$2)))), 0))"),0.0) -> 0 | AA28: =IFERROR(__xludf.DUMMYFUNCTION("IF(AA$6="""", """", IFERROR(SUM(FILTER('기록'!$O:$O, ('기록'!$D:$D=AA$6) * (IF($A$2=""전체"", TRUE, (YEAR('기록'!$A:$A)&"""")=$A$2)))), 0))"),0.0) -> 0 | AB28: =IFERROR(__xludf.DUMMYFUNCTION("IF(AB$6="""", """", IFERROR(SUM(FILTER('기록'!$O:$O, ('기록'!$D:$D=AB$6) * (IF($A$2=""전체"", TRUE, (YEAR('기록'!$A:$A)&"""")=$A$2)))), 0))"),0.0) -> 0 | AC28: =IFERROR(__xludf.DUMMYFUNCTION("IF(AC$6="""", """", IFERROR(SUM(FILTER('기록'!$O:$O, ('기록'!$D:$D=AC$6) * (IF($A$2=""전체"", TRUE, (YEAR('기록'!$A:$A)&"""")=$A$2)))), 0))"),0.0) -> 0 | AD28: =IFERROR(__xludf.DUMMYFUNCTION("IF(AD$6="""", """", IFERROR(SUM(FILTER('기록'!$O:$O, ('기록'!$D:$D=AD$6) * (IF($A$2=""전체"", TRUE, (YEAR('기록'!$A:$A)&"""")=$A$2)))), 0))"),0.0) -> 0 | AE28: =IFERROR(__xludf.DUMMYFUNCTION("IF(AE$6="""", """", IFERROR(SUM(FILTER('기록'!$O:$O, ('기록'!$D:$D=AE$6) * (IF($A$2=""전체"", TRUE, (YEAR('기록'!$A:$A)&"""")=$A$2)))), 0))"),0.0) -> 0 | AF28: =IFERROR(__xludf.DUMMYFUNCTION("IF(AF$6="""", """", IFERROR(SUM(FILTER('기록'!$O:$O, ('기록'!$D:$D=AF$6) * (IF($A$2=""전체"", TRUE, (YEAR('기록'!$A:$A)&"""")=$A$2)))), 0))"),0.0) -> 0 | AG28: =IFERROR(__xludf.DUMMYFUNCTION("IF(AG$6="""", """", IFERROR(SUM(FILTER('기록'!$O:$O, ('기록'!$D:$D=AG$6) * (IF($A$2=""전체"", TRUE, (YEAR('기록'!$A:$A)&"""")=$A$2)))), 0))"),0.0) -> 0 | AH28: =IFERROR(__xludf.DUMMYFUNCTION("IF(AH$6="""", """", IFERROR(SUM(FILTER('기록'!$O:$O, ('기록'!$D:$D=AH$6) * (IF($A$2=""전체"", TRUE, (YEAR('기록'!$A:$A)&"""")=$A$2)))), 0))"),0.0) -> 0 | AI28: =IFERROR(__xludf.DUMMYFUNCTION("IF(AI$6="""", """", IFERROR(SUM(FILTER('기록'!$O:$O, ('기록'!$D:$D=AI$6) * (IF($A$2=""전체"", TRUE, (YEAR('기록'!$A:$A)&"""")=$A$2)))), 0))"),0.0) -> 0
B29: 최근 10경기 (우마기준) | C29: =IFERROR(__xludf.DUMMYFUNCTION("IF(C$7=0, """", SPARKLINE(ARRAY_CONSTRAIN(FILTER('기록'!$G:$G, '기록'!$D:$D=C$6), 10, 1), {""charttype"",""column""; ""axis"", true; ""color"", ""#00A968""; ""negcolor"", ""#EA4335""}))"),"") | D29: =IFERROR(__xludf.DUMMYFUNCTION("IF(D$7=0, """", SPARKLINE(ARRAY_CONSTRAIN(FILTER('기록'!$G:$G, '기록'!$D:$D=D$6), 10, 1), {""charttype"",""column""; ""axis"", true; ""color"", ""#00A968""; ""negcolor"", ""#EA4335""}))"),"") | E29: =IFERROR(__xludf.DUMMYFUNCTION("IF(E$7=0, """", SPARKLINE(ARRAY_CONSTRAIN(FILTER('기록'!$G:$G, '기록'!$D:$D=E$6), 10, 1), {""charttype"",""column""; ""axis"", true; ""color"", ""#00A968""; ""negcolor"", ""#EA4335""}))"),"") | F29: =IFERROR(__xludf.DUMMYFUNCTION("IF(F$7=0, """", SPARKLINE(ARRAY_CONSTRAIN(FILTER('기록'!$G:$G, '기록'!$D:$D=F$6), 10, 1), {""charttype"",""column""; ""axis"", true; ""color"", ""#00A968""; ""negcolor"", ""#EA4335""}))"),"") | G29: =IFERROR(__xludf.DUMMYFUNCTION("IF(G$7=0, """", SPARKLINE(ARRAY_CONSTRAIN(FILTER('기록'!$G:$G, '기록'!$D:$D=G$6), 10, 1), {""charttype"",""column""; ""axis"", true; ""color"", ""#00A968""; ""negcolor"", ""#EA4335""}))"),"") | H29: =IFERROR(__xludf.DUMMYFUNCTION("IF(H$7=0, """", SPARKLINE(ARRAY_CONSTRAIN(FILTER('기록'!$G:$G, '기록'!$D:$D=H$6), 10, 1), {""charttype"",""column""; ""axis"", true; ""color"", ""#00A968""; ""negcolor"", ""#EA4335""}))"),"") | I29: =IFERROR(__xludf.DUMMYFUNCTION("IF(I$7=0, """", SPARKLINE(ARRAY_CONSTRAIN(FILTER('기록'!$G:$G, '기록'!$D:$D=I$6), 10, 1), {""charttype"",""column""; ""axis"", true; ""color"", ""#00A968""; ""negcolor"", ""#EA4335""}))"),"") | J29: =IFERROR(__xludf.DUMMYFUNCTION("IF(J$7=0, """", SPARKLINE(ARRAY_CONSTRAIN(FILTER('기록'!$G:$G, '기록'!$D:$D=J$6), 10, 1), {""charttype"",""column""; ""axis"", true; ""color"", ""#00A968""; ""negcolor"", ""#EA4335""}))"),"") | K29: =IFERROR(__xludf.DUMMYFUNCTION("IF(K$7=0, """", SPARKLINE(ARRAY_CONSTRAIN(FILTER('기록'!$G:$G, '기록'!$D:$D=K$6), 10, 1), {""charttype"",""column""; ""axis"", true; ""color"", ""#00A968""; ""negcolor"", ""#EA4335""}))"),"") | L29: =IFERROR(__xludf.DUMMYFUNCTION("IF(L$7=0, """", SPARKLINE(ARRAY_CONSTRAIN(FILTER('기록'!$G:$G, '기록'!$D:$D=L$6), 10, 1), {""charttype"",""column""; ""axis"", true; ""color"", ""#00A968""; ""negcolor"", ""#EA4335""}))"),"") | M29: =IFERROR(__xludf.DUMMYFUNCTION("IF(M$7=0, """", SPARKLINE(ARRAY_CONSTRAIN(FILTER('기록'!$G:$G, '기록'!$D:$D=M$6), 10, 1), {""charttype"",""column""; ""axis"", true; ""color"", ""#00A968""; ""negcolor"", ""#EA4335""}))"),"") | N29: =IFERROR(__xludf.DUMMYFUNCTION("IF(N$7=0, """", SPARKLINE(ARRAY_CONSTRAIN(FILTER('기록'!$G:$G, '기록'!$D:$D=N$6), 10, 1), {""charttype"",""column""; ""axis"", true; ""color"", ""#00A968""; ""negcolor"", ""#EA4335""}))"),"") | O29: =IFERROR(__xludf.DUMMYFUNCTION("IF(O$7=0, """", SPARKLINE(ARRAY_CONSTRAIN(FILTER('기록'!$G:$G, '기록'!$D:$D=O$6), 10, 1), {""charttype"",""column""; ""axis"", true; ""color"", ""#00A968""; ""negcolor"", ""#EA4335""}))"),"") | P29: =IFERROR(__xludf.DUMMYFUNCTION("IF(P$7=0, """", SPARKLINE(ARRAY_CONSTRAIN(FILTER('기록'!$G:$G, '기록'!$D:$D=P$6), 10, 1), {""charttype"",""column""; ""axis"", true; ""color"", ""#00A968""; ""negcolor"", ""#EA4335""}))"),"") | Q29: =IFERROR(__xludf.DUMMYFUNCTION("IF(Q$7=0, """", SPARKLINE(ARRAY_CONSTRAIN(FILTER('기록'!$G:$G, '기록'!$D:$D=Q$6), 10, 1), {""charttype"",""column""; ""axis"", true; ""color"", ""#00A968""; ""negcolor"", ""#EA4335""}))"),"") | R29: =IFERROR(__xludf.DUMMYFUNCTION("IF(R$7=0, """", SPARKLINE(ARRAY_CONSTRAIN(FILTER('기록'!$G:$G, '기록'!$D:$D=R$6), 10, 1), {""charttype"",""column""; ""axis"", true; ""color"", ""#00A968""; ""negcolor"", ""#EA4335""}))"),"") | S29: =IFERROR(__xludf.DUMMYFUNCTION("IF(S$7=0, """", SPARKLINE(ARRAY_CONSTRAIN(FILTER('기록'!$G:$G, '기록'!$D:$D=S$6), 10, 1), {""charttype"",""column""; ""axis"", true; ""color"", ""#00A968""; ""negcolor"", ""#EA4335""}))"),"") | T29: =IFERROR(__xludf.DUMMYFUNCTION("IF(T$7=0, """", SPARKLINE(ARRAY_CONSTRAIN(FILTER('기록'!$G:$G, '기록'!$D:$D=T$6), 10, 1), {""charttype"",""column""; ""axis"", true; ""color"", ""#00A968""; ""negcolor"", ""#EA4335""}))"),"") | U29: =IFERROR(__xludf.DUMMYFUNCTION("IF(U$7=0, """", SPARKLINE(ARRAY_CONSTRAIN(FILTER('기록'!$G:$G, '기록'!$D:$D=U$6), 10, 1), {""charttype"",""column""; ""axis"", true; ""color"", ""#00A968""; ""negcolor"", ""#EA4335""}))"),"") | V29: =IFERROR(__xludf.DUMMYFUNCTION("IF(V$7=0, """", SPARKLINE(ARRAY_CONSTRAIN(FILTER('기록'!$G:$G, '기록'!$D:$D=V$6), 10, 1), {""charttype"",""column""; ""axis"", true; ""color"", ""#00A968""; ""negcolor"", ""#EA4335""}))"),"") | W29: =IFERROR(__xludf.DUMMYFUNCTION("IF(W$7=0, """", SPARKLINE(ARRAY_CONSTRAIN(FILTER('기록'!$G:$G, '기록'!$D:$D=W$6), 10, 1), {""charttype"",""column""; ""axis"", true; ""color"", ""#00A968""; ""negcolor"", ""#EA4335""}))"),"") | X29: =IFERROR(__xludf.DUMMYFUNCTION("IF(X$7=0, """", SPARKLINE(ARRAY_CONSTRAIN(FILTER('기록'!$G:$G, '기록'!$D:$D=X$6), 10, 1), {""charttype"",""column""; ""axis"", true; ""color"", ""#00A968""; ""negcolor"", ""#EA4335""}))"),"") | Y29: =IFERROR(__xludf.DUMMYFUNCTION("IF(Y$7=0, """", SPARKLINE(ARRAY_CONSTRAIN(FILTER('기록'!$G:$G, '기록'!$D:$D=Y$6), 10, 1), {""charttype"",""column""; ""axis"", true; ""color"", ""#00A968""; ""negcolor"", ""#EA4335""}))"),"") | Z29: =IFERROR(__xludf.DUMMYFUNCTION("IF(Z$7=0, """", SPARKLINE(ARRAY_CONSTRAIN(FILTER('기록'!$G:$G, '기록'!$D:$D=Z$6), 10, 1), {""charttype"",""column""; ""axis"", true; ""color"", ""#00A968""; ""negcolor"", ""#EA4335""}))"),"") | AA29: =IFERROR(__xludf.DUMMYFUNCTION("IF(AA$7=0, """", SPARKLINE(ARRAY_CONSTRAIN(FILTER('기록'!$G:$G, '기록'!$D:$D=AA$6), 10, 1), {""charttype"",""column""; ""axis"", true; ""color"", ""#00A968""; ""negcolor"", ""#EA4335""}))"),"") | AB29: =IFERROR(__xludf.DUMMYFUNCTION("IF(AB$7=0, """", SPARKLINE(ARRAY_CONSTRAIN(FILTER('기록'!$G:$G, '기록'!$D:$D=AB$6), 10, 1), {""charttype"",""column""; ""axis"", true; ""color"", ""#00A968""; ""negcolor"", ""#EA4335""}))"),"") | AC29: =IFERROR(__xludf.DUMMYFUNCTION("IF(AC$7=0, """", SPARKLINE(ARRAY_CONSTRAIN(FILTER('기록'!$G:$G, '기록'!$D:$D=AC$6), 10, 1), {""charttype"",""column""; ""axis"", true; ""color"", ""#00A968""; ""negcolor"", ""#EA4335""}))"),"") | AD29: =IFERROR(__xludf.DUMMYFUNCTION("IF(AD$7=0, """", SPARKLINE(ARRAY_CONSTRAIN(FILTER('기록'!$G:$G, '기록'!$D:$D=AD$6), 10, 1), {""charttype"",""column""; ""axis"", true; ""color"", ""#00A968""; ""negcolor"", ""#EA4335""}))"),"") | AE29: =IFERROR(__xludf.DUMMYFUNCTION("IF(AE$7=0, """", SPARKLINE(ARRAY_CONSTRAIN(FILTER('기록'!$G:$G, '기록'!$D:$D=AE$6), 10, 1), {""charttype"",""column""; ""axis"", true; ""color"", ""#00A968""; ""negcolor"", ""#EA4335""}))"),"") | AF29: =IFERROR(__xludf.DUMMYFUNCTION("IF(AF$7=0, """", SPARKLINE(ARRAY_CONSTRAIN(FILTER('기록'!$G:$G, '기록'!$D:$D=AF$6), 10, 1), {""charttype"",""column""; ""axis"", true; ""color"", ""#00A968""; ""negcolor"", ""#EA4335""}))"),"") | AG29: =IFERROR(__xludf.DUMMYFUNCTION("IF(AG$7=0, """", SPARKLINE(ARRAY_CONSTRAIN(FILTER('기록'!$G:$G, '기록'!$D:$D=AG$6), 10, 1), {""charttype"",""column""; ""axis"", true; ""color"", ""#00A968""; ""negcolor"", ""#EA4335""}))"),"") | AH29: =IFERROR(__xludf.DUMMYFUNCTION("IF(AH$7=0, """", SPARKLINE(ARRAY_CONSTRAIN(FILTER('기록'!$G:$G, '기록'!$D:$D=AH$6), 10, 1), {""charttype"",""column""; ""axis"", true; ""color"", ""#00A968""; ""negcolor"", ""#EA4335""}))"),"") | AI29: =IFERROR(__xludf.DUMMYFUNCTION("IF(AI$7=0, """", SPARKLINE(ARRAY_CONSTRAIN(FILTER('기록'!$G:$G, '기록'!$D:$D=AI$6), 10, 1), {""charttype"",""column""; ""axis"", true; ""color"", ""#00A968""; ""negcolor"", ""#EA4335""}))"),"")
B30: 동 평균순위 | C30: =IFERROR(__xludf.DUMMYFUNCTION("IF(C$6="""", """", IFERROR(AVERAGE(FILTER('기록'!$F:$F, ('기록'!$D:$D=C$6) * ('기록'!$C:$C=""동"") * (IF($A$2=""전체"", TRUE, (YEAR('기록'!$A:$A)&"""")=$A$2)))), ""-""))"),2.6) -> 2.6 | D30: =IFERROR(__xludf.DUMMYFUNCTION("IF(D$6="""", """", IFERROR(AVERAGE(FILTER('기록'!$F:$F, ('기록'!$D:$D=D$6) * ('기록'!$C:$C=""동"") * (IF($A$2=""전체"", TRUE, (YEAR('기록'!$A:$A)&"""")=$A$2)))), ""-""))"),1.7272727272727273) -> 1.7272727 | E30: =IFERROR(__xludf.DUMMYFUNCTION("IF(E$6="""", """", IFERROR(AVERAGE(FILTER('기록'!$F:$F, ('기록'!$D:$D=E$6) * ('기록'!$C:$C=""동"") * (IF($A$2=""전체"", TRUE, (YEAR('기록'!$A:$A)&"""")=$A$2)))), ""-""))"),4.0) -> 4 | F30: =IFERROR(__xludf.DUMMYFUNCTION("IF(F$6="""", """", IFERROR(AVERAGE(FILTER('기록'!$F:$F, ('기록'!$D:$D=F$6) * ('기록'!$C:$C=""동"") * (IF($A$2=""전체"", TRUE, (YEAR('기록'!$A:$A)&"""")=$A$2)))), ""-""))"),2.6363636363636362) -> 2.6363636 | G30: =IFERROR(__xludf.DUMMYFUNCTION("IF(G$6="""", """", IFERROR(AVERAGE(FILTER('기록'!$F:$F, ('기록'!$D:$D=G$6) * ('기록'!$C:$C=""동"") * (IF($A$2=""전체"", TRUE, (YEAR('기록'!$A:$A)&"""")=$A$2)))), ""-""))"),1.6) -> 1.6 | H30: =IFERROR(__xludf.DUMMYFUNCTION("IF(H$6="""", """", IFERROR(AVERAGE(FILTER('기록'!$F:$F, ('기록'!$D:$D=H$6) * ('기록'!$C:$C=""동"") * (IF($A$2=""전체"", TRUE, (YEAR('기록'!$A:$A)&"""")=$A$2)))), ""-""))"),2.0) -> 2 | I30: =IFERROR(__xludf.DUMMYFUNCTION("IF(I$6="""", """", IFERROR(AVERAGE(FILTER('기록'!$F:$F, ('기록'!$D:$D=I$6) * ('기록'!$C:$C=""동"") * (IF($A$2=""전체"", TRUE, (YEAR('기록'!$A:$A)&"""")=$A$2)))), ""-""))"),2.0) -> 2 | J30: =IFERROR(__xludf.DUMMYFUNCTION("IF(J$6="""", """", IFERROR(AVERAGE(FILTER('기록'!$F:$F, ('기록'!$D:$D=J$6) * ('기록'!$C:$C=""동"") * (IF($A$2=""전체"", TRUE, (YEAR('기록'!$A:$A)&"""")=$A$2)))), ""-""))"),"-") -> - | K30: =IFERROR(__xludf.DUMMYFUNCTION("IF(K$6="""", """", IFERROR(AVERAGE(FILTER('기록'!$F:$F, ('기록'!$D:$D=K$6) * ('기록'!$C:$C=""동"") * (IF($A$2=""전체"", TRUE, (YEAR('기록'!$A:$A)&"""")=$A$2)))), ""-""))"),3.0) -> 3 | L30: =IFERROR(__xludf.DUMMYFUNCTION("IF(L$6="""", """", IFERROR(AVERAGE(FILTER('기록'!$F:$F, ('기록'!$D:$D=L$6) * ('기록'!$C:$C=""동"") * (IF($A$2=""전체"", TRUE, (YEAR('기록'!$A:$A)&"""")=$A$2)))), ""-""))"),1.6) -> 1.6 | M30: =IFERROR(__xludf.DUMMYFUNCTION("IF(M$6="""", """", IFERROR(AVERAGE(FILTER('기록'!$F:$F, ('기록'!$D:$D=M$6) * ('기록'!$C:$C=""동"") * (IF($A$2=""전체"", TRUE, (YEAR('기록'!$A:$A)&"""")=$A$2)))), ""-""))"),2.8333333333333335) -> 2.8333333 | N30: =IFERROR(__xludf.DUMMYFUNCTION("IF(N$6="""", """", IFERROR(AVERAGE(FILTER('기록'!$F:$F, ('기록'!$D:$D=N$6) * ('기록'!$C:$C=""동"") * (IF($A$2=""전체"", TRUE, (YEAR('기록'!$A:$A)&"""")=$A$2)))), ""-""))"),"-") -> - | O30: =IFERROR(__xludf.DUMMYFUNCTION("IF(O$6="""", """", IFERROR(AVERAGE(FILTER('기록'!$F:$F, ('기록'!$D:$D=O$6) * ('기록'!$C:$C=""동"") * (IF($A$2=""전체"", TRUE, (YEAR('기록'!$A:$A)&"""")=$A$2)))), ""-""))"),4.0) -> 4 | P30: =IFERROR(__xludf.DUMMYFUNCTION("IF(P$6="""", """", IFERROR(AVERAGE(FILTER('기록'!$F:$F, ('기록'!$D:$D=P$6) * ('기록'!$C:$C=""동"") * (IF($A$2=""전체"", TRUE, (YEAR('기록'!$A:$A)&"""")=$A$2)))), ""-""))"),"-") -> - | Q30: =IFERROR(__xludf.DUMMYFUNCTION("IF(Q$6="""", """", IFERROR(AVERAGE(FILTER('기록'!$F:$F, ('기록'!$D:$D=Q$6) * ('기록'!$C:$C=""동"") * (IF($A$2=""전체"", TRUE, (YEAR('기록'!$A:$A)&"""")=$A$2)))), ""-""))"),"-") -> - | R30: =IFERROR(__xludf.DUMMYFUNCTION("IF(R$6="""", """", IFERROR(AVERAGE(FILTER('기록'!$F:$F, ('기록'!$D:$D=R$6) * ('기록'!$C:$C=""동"") * (IF($A$2=""전체"", TRUE, (YEAR('기록'!$A:$A)&"""")=$A$2)))), ""-""))"),"-") -> - | S30: =IFERROR(__xludf.DUMMYFUNCTION("IF(S$6="""", """", IFERROR(AVERAGE(FILTER('기록'!$F:$F, ('기록'!$D:$D=S$6) * ('기록'!$C:$C=""동"") * (IF($A$2=""전체"", TRUE, (YEAR('기록'!$A:$A)&"""")=$A$2)))), ""-""))"),"-") -> - | T30: =IFERROR(__xludf.DUMMYFUNCTION("IF(T$6="""", """", IFERROR(AVERAGE(FILTER('기록'!$F:$F, ('기록'!$D:$D=T$6) * ('기록'!$C:$C=""동"") * (IF($A$2=""전체"", TRUE, (YEAR('기록'!$A:$A)&"""")=$A$2)))), ""-""))"),"-") -> - | U30: =IFERROR(__xludf.DUMMYFUNCTION("IF(U$6="""", """", IFERROR(AVERAGE(FILTER('기록'!$F:$F, ('기록'!$D:$D=U$6) * ('기록'!$C:$C=""동"") * (IF($A$2=""전체"", TRUE, (YEAR('기록'!$A:$A)&"""")=$A$2)))), ""-""))"),"-") -> - | V30: =IFERROR(__xludf.DUMMYFUNCTION("IF(V$6="""", """", IFERROR(AVERAGE(FILTER('기록'!$F:$F, ('기록'!$D:$D=V$6) * ('기록'!$C:$C=""동"") * (IF($A$2=""전체"", TRUE, (YEAR('기록'!$A:$A)&"""")=$A$2)))), ""-""))"),3.0) -> 3 | W30: =IFERROR(__xludf.DUMMYFUNCTION("IF(W$6="""", """", IFERROR(AVERAGE(FILTER('기록'!$F:$F, ('기록'!$D:$D=W$6) * ('기록'!$C:$C=""동"") * (IF($A$2=""전체"", TRUE, (YEAR('기록'!$A:$A)&"""")=$A$2)))), ""-""))"),"-") -> - | X30: =IFERROR(__xludf.DUMMYFUNCTION("IF(X$6="""", """", IFERROR(AVERAGE(FILTER('기록'!$F:$F, ('기록'!$D:$D=X$6) * ('기록'!$C:$C=""동"") * (IF($A$2=""전체"", TRUE, (YEAR('기록'!$A:$A)&"""")=$A$2)))), ""-""))"),"-") -> - | Y30: =IFERROR(__xludf.DUMMYFUNCTION("IF(Y$6="""", """", IFERROR(AVERAGE(FILTER('기록'!$F:$F, ('기록'!$D:$D=Y$6) * ('기록'!$C:$C=""동"") * (IF($A$2=""전체"", TRUE, (YEAR('기록'!$A:$A)&"""")=$A$2)))), ""-""))"),"-") -> - | Z30: =IFERROR(__xludf.DUMMYFUNCTION("IF(Z$6="""", """", IFERROR(AVERAGE(FILTER('기록'!$F:$F, ('기록'!$D:$D=Z$6) * ('기록'!$C:$C=""동"") * (IF($A$2=""전체"", TRUE, (YEAR('기록'!$A:$A)&"""")=$A$2)))), ""-""))"),"-") -> - | AA30: =IFERROR(__xludf.DUMMYFUNCTION("IF(AA$6="""", """", IFERROR(AVERAGE(FILTER('기록'!$F:$F, ('기록'!$D:$D=AA$6) * ('기록'!$C:$C=""동"") * (IF($A$2=""전체"", TRUE, (YEAR('기록'!$A:$A)&"""")=$A$2)))), ""-""))"),"-") -> - | AB30: =IFERROR(__xludf.DUMMYFUNCTION("IF(AB$6="""", """", IFERROR(AVERAGE(FILTER('기록'!$F:$F, ('기록'!$D:$D=AB$6) * ('기록'!$C:$C=""동"") * (IF($A$2=""전체"", TRUE, (YEAR('기록'!$A:$A)&"""")=$A$2)))), ""-""))"),"-") -> - | AC30: =IFERROR(__xludf.DUMMYFUNCTION("IF(AC$6="""", """", IFERROR(AVERAGE(FILTER('기록'!$F:$F, ('기록'!$D:$D=AC$6) * ('기록'!$C:$C=""동"") * (IF($A$2=""전체"", TRUE, (YEAR('기록'!$A:$A)&"""")=$A$2)))), ""-""))"),2.0) -> 2 | AD30: =IFERROR(__xludf.DUMMYFUNCTION("IF(AD$6="""", """", IFERROR(AVERAGE(FILTER('기록'!$F:$F, ('기록'!$D:$D=AD$6) * ('기록'!$C:$C=""동"") * (IF($A$2=""전체"", TRUE, (YEAR('기록'!$A:$A)&"""")=$A$2)))), ""-""))"),"-") -> - | AE30: =IFERROR(__xludf.DUMMYFUNCTION("IF(AE$6="""", """", IFERROR(AVERAGE(FILTER('기록'!$F:$F, ('기록'!$D:$D=AE$6) * ('기록'!$C:$C=""동"") * (IF($A$2=""전체"", TRUE, (YEAR('기록'!$A:$A)&"""")=$A$2)))), ""-""))"),"-") -> - | AF30: =IFERROR(__xludf.DUMMYFUNCTION("IF(AF$6="""", """", IFERROR(AVERAGE(FILTER('기록'!$F:$F, ('기록'!$D:$D=AF$6) * ('기록'!$C:$C=""동"") * (IF($A$2=""전체"", TRUE, (YEAR('기록'!$A:$A)&"""")=$A$2)))), ""-""))"),"-") -> - | AG30: =IFERROR(__xludf.DUMMYFUNCTION("IF(AG$6="""", """", IFERROR(AVERAGE(FILTER('기록'!$F:$F, ('기록'!$D:$D=AG$6) * ('기록'!$C:$C=""동"") * (IF($A$2=""전체"", TRUE, (YEAR('기록'!$A:$A)&"""")=$A$2)))), ""-""))"),3.0) -> 3 | AH30: =IFERROR(__xludf.DUMMYFUNCTION("IF(AH$6="""", """", IFERROR(AVERAGE(FILTER('기록'!$F:$F, ('기록'!$D:$D=AH$6) * ('기록'!$C:$C=""동"") * (IF($A$2=""전체"", TRUE, (YEAR('기록'!$A:$A)&"""")=$A$2)))), ""-""))"),3.0) -> 3 | AI30: =IFERROR(__xludf.DUMMYFUNCTION("IF(AI$6="""", """", IFERROR(AVERAGE(FILTER('기록'!$F:$F, ('기록'!$D:$D=AI$6) * ('기록'!$C:$C=""동"") * (IF($A$2=""전체"", TRUE, (YEAR('기록'!$A:$A)&"""")=$A$2)))), ""-""))"),3.5) -> 3.5
B31: 남 평균순위 | C31: =IFERROR(__xludf.DUMMYFUNCTION("IF(C$6="""", """", IFERROR(AVERAGE(FILTER('기록'!$F:$F, ('기록'!$D:$D=C$6) * ('기록'!$C:$C=""남"") * (IF($A$2=""전체"", TRUE, (YEAR('기록'!$A:$A)&"""")=$A$2)))), ""-""))"),1.3333333333333333) -> 1.3333333 | D31: =IFERROR(__xludf.DUMMYFUNCTION("IF(D$6="""", """", IFERROR(AVERAGE(FILTER('기록'!$F:$F, ('기록'!$D:$D=D$6) * ('기록'!$C:$C=""남"") * (IF($A$2=""전체"", TRUE, (YEAR('기록'!$A:$A)&"""")=$A$2)))), ""-""))"),2.1666666666666665) -> 2.1666667 | E31: =IFERROR(__xludf.DUMMYFUNCTION("IF(E$6="""", """", IFERROR(AVERAGE(FILTER('기록'!$F:$F, ('기록'!$D:$D=E$6) * ('기록'!$C:$C=""남"") * (IF($A$2=""전체"", TRUE, (YEAR('기록'!$A:$A)&"""")=$A$2)))), ""-""))"),2.6666666666666665) -> 2.6666667 | F31: =IFERROR(__xludf.DUMMYFUNCTION("IF(F$6="""", """", IFERROR(AVERAGE(FILTER('기록'!$F:$F, ('기록'!$D:$D=F$6) * ('기록'!$C:$C=""남"") * (IF($A$2=""전체"", TRUE, (YEAR('기록'!$A:$A)&"""")=$A$2)))), ""-""))"),2.3333333333333335) -> 2.3333333 | G31: =IFERROR(__xludf.DUMMYFUNCTION("IF(G$6="""", """", IFERROR(AVERAGE(FILTER('기록'!$F:$F, ('기록'!$D:$D=G$6) * ('기록'!$C:$C=""남"") * (IF($A$2=""전체"", TRUE, (YEAR('기록'!$A:$A)&"""")=$A$2)))), ""-""))"),3.2) -> 3.2 | H31: =IFERROR(__xludf.DUMMYFUNCTION("IF(H$6="""", """", IFERROR(AVERAGE(FILTER('기록'!$F:$F, ('기록'!$D:$D=H$6) * ('기록'!$C:$C=""남"") * (IF($A$2=""전체"", TRUE, (YEAR('기록'!$A:$A)&"""")=$A$2)))), ""-""))"),3.6666666666666665) -> 3.6666667 | I31: =IFERROR(__xludf.DUMMYFUNCTION("IF(I$6="""", """", IFERROR(AVERAGE(FILTER('기록'!$F:$F, ('기록'!$D:$D=I$6) * ('기록'!$C:$C=""남"") * (IF($A$2=""전체"", TRUE, (YEAR('기록'!$A:$A)&"""")=$A$2)))), ""-""))"),3.0) -> 3 | J31: =IFERROR(__xludf.DUMMYFUNCTION("IF(J$6="""", """", IFERROR(AVERAGE(FILTER('기록'!$F:$F, ('기록'!$D:$D=J$6) * ('기록'!$C:$C=""남"") * (IF($A$2=""전체"", TRUE, (YEAR('기록'!$A:$A)&"""")=$A$2)))), ""-""))"),"-") -> - | K31: =IFERROR(__xludf.DUMMYFUNCTION("IF(K$6="""", """", IFERROR(AVERAGE(FILTER('기록'!$F:$F, ('기록'!$D:$D=K$6) * ('기록'!$C:$C=""남"") * (IF($A$2=""전체"", TRUE, (YEAR('기록'!$A:$A)&"""")=$A$2)))), ""-""))"),1.0) -> 1 | L31: =IFERROR(__xludf.DUMMYFUNCTION("IF(L$6="""", """", IFERROR(AVERAGE(FILTER('기록'!$F:$F, ('기록'!$D:$D=L$6) * ('기록'!$C:$C=""남"") * (IF($A$2=""전체"", TRUE, (YEAR('기록'!$A:$A)&"""")=$A$2)))), ""-""))"),2.75) -> 2.75 | M31: =IFERROR(__xludf.DUMMYFUNCTION("IF(M$6="""", """", IFERROR(AVERAGE(FILTER('기록'!$F:$F, ('기록'!$D:$D=M$6) * ('기록'!$C:$C=""남"") * (IF($A$2=""전체"", TRUE, (YEAR('기록'!$A:$A)&"""")=$A$2)))), ""-""))"),2.066666666666667) -> 2.0666667 | N31: =IFERROR(__xludf.DUMMYFUNCTION("IF(N$6="""", """", IFERROR(AVERAGE(FILTER('기록'!$F:$F, ('기록'!$D:$D=N$6) * ('기록'!$C:$C=""남"") * (IF($A$2=""전체"", TRUE, (YEAR('기록'!$A:$A)&"""")=$A$2)))), ""-""))"),"-") -> - | O31: =IFERROR(__xludf.DUMMYFUNCTION("IF(O$6="""", """", IFERROR(AVERAGE(FILTER('기록'!$F:$F, ('기록'!$D:$D=O$6) * ('기록'!$C:$C=""남"") * (IF($A$2=""전체"", TRUE, (YEAR('기록'!$A:$A)&"""")=$A$2)))), ""-""))"),3.0) -> 3 | P31: =IFERROR(__xludf.DUMMYFUNCTION("IF(P$6="""", """", IFERROR(AVERAGE(FILTER('기록'!$F:$F, ('기록'!$D:$D=P$6) * ('기록'!$C:$C=""남"") * (IF($A$2=""전체"", TRUE, (YEAR('기록'!$A:$A)&"""")=$A$2)))), ""-""))"),"-") -> - | Q31: =IFERROR(__xludf.DUMMYFUNCTION("IF(Q$6="""", """", IFERROR(AVERAGE(FILTER('기록'!$F:$F, ('기록'!$D:$D=Q$6) * ('기록'!$C:$C=""남"") * (IF($A$2=""전체"", TRUE, (YEAR('기록'!$A:$A)&"""")=$A$2)))), ""-""))"),"-") -> - | R31: =IFERROR(__xludf.DUMMYFUNCTION("IF(R$6="""", """", IFERROR(AVERAGE(FILTER('기록'!$F:$F, ('기록'!$D:$D=R$6) * ('기록'!$C:$C=""남"") * (IF($A$2=""전체"", TRUE, (YEAR('기록'!$A:$A)&"""")=$A$2)))), ""-""))"),"-") -> - | S31: =IFERROR(__xludf.DUMMYFUNCTION("IF(S$6="""", """", IFERROR(AVERAGE(FILTER('기록'!$F:$F, ('기록'!$D:$D=S$6) * ('기록'!$C:$C=""남"") * (IF($A$2=""전체"", TRUE, (YEAR('기록'!$A:$A)&"""")=$A$2)))), ""-""))"),"-") -> - | T31: =IFERROR(__xludf.DUMMYFUNCTION("IF(T$6="""", """", IFERROR(AVERAGE(FILTER('기록'!$F:$F, ('기록'!$D:$D=T$6) * ('기록'!$C:$C=""남"") * (IF($A$2=""전체"", TRUE, (YEAR('기록'!$A:$A)&"""")=$A$2)))), ""-""))"),"-") -> - | U31: =IFERROR(__xludf.DUMMYFUNCTION("IF(U$6="""", """", IFERROR(AVERAGE(FILTER('기록'!$F:$F, ('기록'!$D:$D=U$6) * ('기록'!$C:$C=""남"") * (IF($A$2=""전체"", TRUE, (YEAR('기록'!$A:$A)&"""")=$A$2)))), ""-""))"),"-") -> - | V31: =IFERROR(__xludf.DUMMYFUNCTION("IF(V$6="""", """", IFERROR(AVERAGE(FILTER('기록'!$F:$F, ('기록'!$D:$D=V$6) * ('기록'!$C:$C=""남"") * (IF($A$2=""전체"", TRUE, (YEAR('기록'!$A:$A)&"""")=$A$2)))), ""-""))"),1.6666666666666667) -> 1.6666667 | W31: =IFERROR(__xludf.DUMMYFUNCTION("IF(W$6="""", """", IFERROR(AVERAGE(FILTER('기록'!$F:$F, ('기록'!$D:$D=W$6) * ('기록'!$C:$C=""남"") * (IF($A$2=""전체"", TRUE, (YEAR('기록'!$A:$A)&"""")=$A$2)))), ""-""))"),"-") -> - | X31: =IFERROR(__xludf.DUMMYFUNCTION("IF(X$6="""", """", IFERROR(AVERAGE(FILTER('기록'!$F:$F, ('기록'!$D:$D=X$6) * ('기록'!$C:$C=""남"") * (IF($A$2=""전체"", TRUE, (YEAR('기록'!$A:$A)&"""")=$A$2)))), ""-""))"),"-") -> - | Y31: =IFERROR(__xludf.DUMMYFUNCTION("IF(Y$6="""", """", IFERROR(AVERAGE(FILTER('기록'!$F:$F, ('기록'!$D:$D=Y$6) * ('기록'!$C:$C=""남"") * (IF($A$2=""전체"", TRUE, (YEAR('기록'!$A:$A)&"""")=$A$2)))), ""-""))"),"-") -> - | Z31: =IFERROR(__xludf.DUMMYFUNCTION("IF(Z$6="""", """", IFERROR(AVERAGE(FILTER('기록'!$F:$F, ('기록'!$D:$D=Z$6) * ('기록'!$C:$C=""남"") * (IF($A$2=""전체"", TRUE, (YEAR('기록'!$A:$A)&"""")=$A$2)))), ""-""))"),"-") -> - | AA31: =IFERROR(__xludf.DUMMYFUNCTION("IF(AA$6="""", """", IFERROR(AVERAGE(FILTER('기록'!$F:$F, ('기록'!$D:$D=AA$6) * ('기록'!$C:$C=""남"") * (IF($A$2=""전체"", TRUE, (YEAR('기록'!$A:$A)&"""")=$A$2)))), ""-""))"),"-") -> - | AB31: =IFERROR(__xludf.DUMMYFUNCTION("IF(AB$6="""", """", IFERROR(AVERAGE(FILTER('기록'!$F:$F, ('기록'!$D:$D=AB$6) * ('기록'!$C:$C=""남"") * (IF($A$2=""전체"", TRUE, (YEAR('기록'!$A:$A)&"""")=$A$2)))), ""-""))"),"-") -> - | AC31: =IFERROR(__xludf.DUMMYFUNCTION("IF(AC$6="""", """", IFERROR(AVERAGE(FILTER('기록'!$F:$F, ('기록'!$D:$D=AC$6) * ('기록'!$C:$C=""남"") * (IF($A$2=""전체"", TRUE, (YEAR('기록'!$A:$A)&"""")=$A$2)))), ""-""))"),3.75) -> 3.75 | AD31: =IFERROR(__xludf.DUMMYFUNCTION("IF(AD$6="""", """", IFERROR(AVERAGE(FILTER('기록'!$F:$F, ('기록'!$D:$D=AD$6) * ('기록'!$C:$C=""남"") * (IF($A$2=""전체"", TRUE, (YEAR('기록'!$A:$A)&"""")=$A$2)))), ""-""))"),"-") -> - | AE31: =IFERROR(__xludf.DUMMYFUNCTION("IF(AE$6="""", """", IFERROR(AVERAGE(FILTER('기록'!$F:$F, ('기록'!$D:$D=AE$6) * ('기록'!$C:$C=""남"") * (IF($A$2=""전체"", TRUE, (YEAR('기록'!$A:$A)&"""")=$A$2)))), ""-""))"),"-") -> - | AF31: =IFERROR(__xludf.DUMMYFUNCTION("IF(AF$6="""", """", IFERROR(AVERAGE(FILTER('기록'!$F:$F, ('기록'!$D:$D=AF$6) * ('기록'!$C:$C=""남"") * (IF($A$2=""전체"", TRUE, (YEAR('기록'!$A:$A)&"""")=$A$2)))), ""-""))"),"-") -> - | AG31: =IFERROR(__xludf.DUMMYFUNCTION("IF(AG$6="""", """", IFERROR(AVERAGE(FILTER('기록'!$F:$F, ('기록'!$D:$D=AG$6) * ('기록'!$C:$C=""남"") * (IF($A$2=""전체"", TRUE, (YEAR('기록'!$A:$A)&"""")=$A$2)))), ""-""))"),1.0) -> 1 | AH31: =IFERROR(__xludf.DUMMYFUNCTION("IF(AH$6="""", """", IFERROR(AVERAGE(FILTER('기록'!$F:$F, ('기록'!$D:$D=AH$6) * ('기록'!$C:$C=""남"") * (IF($A$2=""전체"", TRUE, (YEAR('기록'!$A:$A)&"""")=$A$2)))), ""-""))"),2.0) -> 2 | AI31: =IFERROR(__xludf.DUMMYFUNCTION("IF(AI$6="""", """", IFERROR(AVERAGE(FILTER('기록'!$F:$F, ('기록'!$D:$D=AI$6) * ('기록'!$C:$C=""남"") * (IF($A$2=""전체"", TRUE, (YEAR('기록'!$A:$A)&"""")=$A$2)))), ""-""))"),"-") -> -
B32: 서 평균 순위 | C32: =IFERROR(__xludf.DUMMYFUNCTION("IF(C$6="""", """", IFERROR(AVERAGE(FILTER('기록'!$F:$F, ('기록'!$D:$D=C$6) * ('기록'!$C:$C=""서"") * (IF($A$2=""전체"", TRUE, (YEAR('기록'!$A:$A)&"""")=$A$2)))), ""-""))"),2.6) -> 2.6 | D32: =IFERROR(__xludf.DUMMYFUNCTION("IF(D$6="""", """", IFERROR(AVERAGE(FILTER('기록'!$F:$F, ('기록'!$D:$D=D$6) * ('기록'!$C:$C=""서"") * (IF($A$2=""전체"", TRUE, (YEAR('기록'!$A:$A)&"""")=$A$2)))), ""-""))"),2.5) -> 2.5 | E32: =IFERROR(__xludf.DUMMYFUNCTION("IF(E$6="""", """", IFERROR(AVERAGE(FILTER('기록'!$F:$F, ('기록'!$D:$D=E$6) * ('기록'!$C:$C=""서"") * (IF($A$2=""전체"", TRUE, (YEAR('기록'!$A:$A)&"""")=$A$2)))), ""-""))"),3.0) -> 3 | F32: =IFERROR(__xludf.DUMMYFUNCTION("IF(F$6="""", """", IFERROR(AVERAGE(FILTER('기록'!$F:$F, ('기록'!$D:$D=F$6) * ('기록'!$C:$C=""서"") * (IF($A$2=""전체"", TRUE, (YEAR('기록'!$A:$A)&"""")=$A$2)))), ""-""))"),2.6666666666666665) -> 2.6666667 | G32: =IFERROR(__xludf.DUMMYFUNCTION("IF(G$6="""", """", IFERROR(AVERAGE(FILTER('기록'!$F:$F, ('기록'!$D:$D=G$6) * ('기록'!$C:$C=""서"") * (IF($A$2=""전체"", TRUE, (YEAR('기록'!$A:$A)&"""")=$A$2)))), ""-""))"),2.25) -> 2.25 | H32: =IFERROR(__xludf.DUMMYFUNCTION("IF(H$6="""", """", IFERROR(AVERAGE(FILTER('기록'!$F:$F, ('기록'!$D:$D=H$6) * ('기록'!$C:$C=""서"") * (IF($A$2=""전체"", TRUE, (YEAR('기록'!$A:$A)&"""")=$A$2)))), ""-""))"),2.5) -> 2.5 | I32: =IFERROR(__xludf.DUMMYFUNCTION("IF(I$6="""", """", IFERROR(AVERAGE(FILTER('기록'!$F:$F, ('기록'!$D:$D=I$6) * ('기록'!$C:$C=""서"") * (IF($A$2=""전체"", TRUE, (YEAR('기록'!$A:$A)&"""")=$A$2)))), ""-""))"),2.0) -> 2 | J32: =IFERROR(__xludf.DUMMYFUNCTION("IF(J$6="""", """", IFERROR(AVERAGE(FILTER('기록'!$F:$F, ('기록'!$D:$D=J$6) * ('기록'!$C:$C=""서"") * (IF($A$2=""전체"", TRUE, (YEAR('기록'!$A:$A)&"""")=$A$2)))), ""-""))"),"-") -> - | K32: =IFERROR(__xludf.DUMMYFUNCTION("IF(K$6="""", """", IFERROR(AVERAGE(FILTER('기록'!$F:$F, ('기록'!$D:$D=K$6) * ('기록'!$C:$C=""서"") * (IF($A$2=""전체"", TRUE, (YEAR('기록'!$A:$A)&"""")=$A$2)))), ""-""))"),3.0) -> 3 | L32: =IFERROR(__xludf.DUMMYFUNCTION("IF(L$6="""", """", IFERROR(AVERAGE(FILTER('기록'!$F:$F, ('기록'!$D:$D=L$6) * ('기록'!$C:$C=""서"") * (IF($A$2=""전체"", TRUE, (YEAR('기록'!$A:$A)&"""")=$A$2)))), ""-""))"),2.2) -> 2.2 | M32: =IFERROR(__xludf.DUMMYFUNCTION("IF(M$6="""", """", IFERROR(AVERAGE(FILTER('기록'!$F:$F, ('기록'!$D:$D=M$6) * ('기록'!$C:$C=""서"") * (IF($A$2=""전체"", TRUE, (YEAR('기록'!$A:$A)&"""")=$A$2)))), ""-""))"),1.6666666666666667) -> 1.6666667 | N32: =IFERROR(__xludf.DUMMYFUNCTION("IF(N$6="""", """", IFERROR(AVERAGE(FILTER('기록'!$F:$F, ('기록'!$D:$D=N$6) * ('기록'!$C:$C=""서"") * (IF($A$2=""전체"", TRUE, (YEAR('기록'!$A:$A)&"""")=$A$2)))), ""-""))"),"-") -> - | O32: =IFERROR(__xludf.DUMMYFUNCTION("IF(O$6="""", """", IFERROR(AVERAGE(FILTER('기록'!$F:$F, ('기록'!$D:$D=O$6) * ('기록'!$C:$C=""서"") * (IF($A$2=""전체"", TRUE, (YEAR('기록'!$A:$A)&"""")=$A$2)))), ""-""))"),3.0) -> 3 | P32: =IFERROR(__xludf.DUMMYFUNCTION("IF(P$6="""", """", IFERROR(AVERAGE(FILTER('기록'!$F:$F, ('기록'!$D:$D=P$6) * ('기록'!$C:$C=""서"") * (IF($A$2=""전체"", TRUE, (YEAR('기록'!$A:$A)&"""")=$A$2)))), ""-""))"),"-") -> - | Q32: =IFERROR(__xludf.DUMMYFUNCTION("IF(Q$6="""", """", IFERROR(AVERAGE(FILTER('기록'!$F:$F, ('기록'!$D:$D=Q$6) * ('기록'!$C:$C=""서"") * (IF($A$2=""전체"", TRUE, (YEAR('기록'!$A:$A)&"""")=$A$2)))), ""-""))"),"-") -> - | R32: =IFERROR(__xludf.DUMMYFUNCTION("IF(R$6="""", """", IFERROR(AVERAGE(FILTER('기록'!$F:$F, ('기록'!$D:$D=R$6) * ('기록'!$C:$C=""서"") * (IF($A$2=""전체"", TRUE, (YEAR('기록'!$A:$A)&"""")=$A$2)))), ""-""))"),"-") -> - | S32: =IFERROR(__xludf.DUMMYFUNCTION("IF(S$6="""", """", IFERROR(AVERAGE(FILTER('기록'!$F:$F, ('기록'!$D:$D=S$6) * ('기록'!$C:$C=""서"") * (IF($A$2=""전체"", TRUE, (YEAR('기록'!$A:$A)&"""")=$A$2)))), ""-""))"),"-") -> - | T32: =IFERROR(__xludf.DUMMYFUNCTION("IF(T$6="""", """", IFERROR(AVERAGE(FILTER('기록'!$F:$F, ('기록'!$D:$D=T$6) * ('기록'!$C:$C=""서"") * (IF($A$2=""전체"", TRUE, (YEAR('기록'!$A:$A)&"""")=$A$2)))), ""-""))"),"-") -> - | U32: =IFERROR(__xludf.DUMMYFUNCTION("IF(U$6="""", """", IFERROR(AVERAGE(FILTER('기록'!$F:$F, ('기록'!$D:$D=U$6) * ('기록'!$C:$C=""서"") * (IF($A$2=""전체"", TRUE, (YEAR('기록'!$A:$A)&"""")=$A$2)))), ""-""))"),"-") -> - | V32: =IFERROR(__xludf.DUMMYFUNCTION("IF(V$6="""", """", IFERROR(AVERAGE(FILTER('기록'!$F:$F, ('기록'!$D:$D=V$6) * ('기록'!$C:$C=""서"") * (IF($A$2=""전체"", TRUE, (YEAR('기록'!$A:$A)&"""")=$A$2)))), ""-""))"),2.75) -> 2.75 | W32: =IFERROR(__xludf.DUMMYFUNCTION("IF(W$6="""", """", IFERROR(AVERAGE(FILTER('기록'!$F:$F, ('기록'!$D:$D=W$6) * ('기록'!$C:$C=""서"") * (IF($A$2=""전체"", TRUE, (YEAR('기록'!$A:$A)&"""")=$A$2)))), ""-""))"),"-") -> - | X32: =IFERROR(__xludf.DUMMYFUNCTION("IF(X$6="""", """", IFERROR(AVERAGE(FILTER('기록'!$F:$F, ('기록'!$D:$D=X$6) * ('기록'!$C:$C=""서"") * (IF($A$2=""전체"", TRUE, (YEAR('기록'!$A:$A)&"""")=$A$2)))), ""-""))"),"-") -> - | Y32: =IFERROR(__xludf.DUMMYFUNCTION("IF(Y$6="""", """", IFERROR(AVERAGE(FILTER('기록'!$F:$F, ('기록'!$D:$D=Y$6) * ('기록'!$C:$C=""서"") * (IF($A$2=""전체"", TRUE, (YEAR('기록'!$A:$A)&"""")=$A$2)))), ""-""))"),"-") -> - | Z32: =IFERROR(__xludf.DUMMYFUNCTION("IF(Z$6="""", """", IFERROR(AVERAGE(FILTER('기록'!$F:$F, ('기록'!$D:$D=Z$6) * ('기록'!$C:$C=""서"") * (IF($A$2=""전체"", TRUE, (YEAR('기록'!$A:$A)&"""")=$A$2)))), ""-""))"),"-") -> - | AA32: =IFERROR(__xludf.DUMMYFUNCTION("IF(AA$6="""", """", IFERROR(AVERAGE(FILTER('기록'!$F:$F, ('기록'!$D:$D=AA$6) * ('기록'!$C:$C=""서"") * (IF($A$2=""전체"", TRUE, (YEAR('기록'!$A:$A)&"""")=$A$2)))), ""-""))"),"-") -> - | AB32: =IFERROR(__xludf.DUMMYFUNCTION("IF(AB$6="""", """", IFERROR(AVERAGE(FILTER('기록'!$F:$F, ('기록'!$D:$D=AB$6) * ('기록'!$C:$C=""서"") * (IF($A$2=""전체"", TRUE, (YEAR('기록'!$A:$A)&"""")=$A$2)))), ""-""))"),"-") -> - | AC32: =IFERROR(__xludf.DUMMYFUNCTION("IF(AC$6="""", """", IFERROR(AVERAGE(FILTER('기록'!$F:$F, ('기록'!$D:$D=AC$6) * ('기록'!$C:$C=""서"") * (IF($A$2=""전체"", TRUE, (YEAR('기록'!$A:$A)&"""")=$A$2)))), ""-""))"),3.0) -> 3 | AD32: =IFERROR(__xludf.DUMMYFUNCTION("IF(AD$6="""", """", IFERROR(AVERAGE(FILTER('기록'!$F:$F, ('기록'!$D:$D=AD$6) * ('기록'!$C:$C=""서"") * (IF($A$2=""전체"", TRUE, (YEAR('기록'!$A:$A)&"""")=$A$2)))), ""-""))"),"-") -> - | AE32: =IFERROR(__xludf.DUMMYFUNCTION("IF(AE$6="""", """", IFERROR(AVERAGE(FILTER('기록'!$F:$F, ('기록'!$D:$D=AE$6) * ('기록'!$C:$C=""서"") * (IF($A$2=""전체"", TRUE, (YEAR('기록'!$A:$A)&"""")=$A$2)))), ""-""))"),"-") -> - | AF32: =IFERROR(__xludf.DUMMYFUNCTION("IF(AF$6="""", """", IFERROR(AVERAGE(FILTER('기록'!$F:$F, ('기록'!$D:$D=AF$6) * ('기록'!$C:$C=""서"") * (IF($A$2=""전체"", TRUE, (YEAR('기록'!$A:$A)&"""")=$A$2)))), ""-""))"),"-") -> - | AG32: =IFERROR(__xludf.DUMMYFUNCTION("IF(AG$6="""", """", IFERROR(AVERAGE(FILTER('기록'!$F:$F, ('기록'!$D:$D=AG$6) * ('기록'!$C:$C=""서"") * (IF($A$2=""전체"", TRUE, (YEAR('기록'!$A:$A)&"""")=$A$2)))), ""-""))"),1.5) -> 1.5 | AH32: =IFERROR(__xludf.DUMMYFUNCTION("IF(AH$6="""", """", IFERROR(AVERAGE(FILTER('기록'!$F:$F, ('기록'!$D:$D=AH$6) * ('기록'!$C:$C=""서"") * (IF($A$2=""전체"", TRUE, (YEAR('기록'!$A:$A)&"""")=$A$2)))), ""-""))"),2.5) -> 2.5 | AI32: =IFERROR(__xludf.DUMMYFUNCTION("IF(AI$6="""", """", IFERROR(AVERAGE(FILTER('기록'!$F:$F, ('기록'!$D:$D=AI$6) * ('기록'!$C:$C=""서"") * (IF($A$2=""전체"", TRUE, (YEAR('기록'!$A:$A)&"""")=$A$2)))), ""-""))"),1.6666666666666667) -> 1.6666667
B33: 북 평균순위 | C33: =IFERROR(__xludf.DUMMYFUNCTION("IF(C$6="""", """", IFERROR(AVERAGE(FILTER('기록'!$F:$F, ('기록'!$D:$D=C$6) * ('기록'!$C:$C=""북"") * (IF($A$2=""전체"", TRUE, (YEAR('기록'!$A:$A)&"""")=$A$2)))), ""-""))"),4.0) -> 4 | D33: =IFERROR(__xludf.DUMMYFUNCTION("IF(D$6="""", """", IFERROR(AVERAGE(FILTER('기록'!$F:$F, ('기록'!$D:$D=D$6) * ('기록'!$C:$C=""북"") * (IF($A$2=""전체"", TRUE, (YEAR('기록'!$A:$A)&"""")=$A$2)))), ""-""))"),2.2941176470588234) -> 2.2941176 | E33: =IFERROR(__xludf.DUMMYFUNCTION("IF(E$6="""", """", IFERROR(AVERAGE(FILTER('기록'!$F:$F, ('기록'!$D:$D=E$6) * ('기록'!$C:$C=""북"") * (IF($A$2=""전체"", TRUE, (YEAR('기록'!$A:$A)&"""")=$A$2)))), ""-""))"),2.25) -> 2.25 | F33: =IFERROR(__xludf.DUMMYFUNCTION("IF(F$6="""", """", IFERROR(AVERAGE(FILTER('기록'!$F:$F, ('기록'!$D:$D=F$6) * ('기록'!$C:$C=""북"") * (IF($A$2=""전체"", TRUE, (YEAR('기록'!$A:$A)&"""")=$A$2)))), ""-""))"),3.4) -> 3.4 | G33: =IFERROR(__xludf.DUMMYFUNCTION("IF(G$6="""", """", IFERROR(AVERAGE(FILTER('기록'!$F:$F, ('기록'!$D:$D=G$6) * ('기록'!$C:$C=""북"") * (IF($A$2=""전체"", TRUE, (YEAR('기록'!$A:$A)&"""")=$A$2)))), ""-""))"),3.4) -> 3.4 | H33: =IFERROR(__xludf.DUMMYFUNCTION("IF(H$6="""", """", IFERROR(AVERAGE(FILTER('기록'!$F:$F, ('기록'!$D:$D=H$6) * ('기록'!$C:$C=""북"") * (IF($A$2=""전체"", TRUE, (YEAR('기록'!$A:$A)&"""")=$A$2)))), ""-""))"),"-") -> - | I33: =IFERROR(__xludf.DUMMYFUNCTION("IF(I$6="""", """", IFERROR(AVERAGE(FILTER('기록'!$F:$F, ('기록'!$D:$D=I$6) * ('기록'!$C:$C=""북"") * (IF($A$2=""전체"", TRUE, (YEAR('기록'!$A:$A)&"""")=$A$2)))), ""-""))"),3.0) -> 3 | J33: =IFERROR(__xludf.DUMMYFUNCTION("IF(J$6="""", """", IFERROR(AVERAGE(FILTER('기록'!$F:$F, ('기록'!$D:$D=J$6) * ('기록'!$C:$C=""북"") * (IF($A$2=""전체"", TRUE, (YEAR('기록'!$A:$A)&"""")=$A$2)))), ""-""))"),"-") -> - | K33: =IFERROR(__xludf.DUMMYFUNCTION("IF(K$6="""", """", IFERROR(AVERAGE(FILTER('기록'!$F:$F, ('기록'!$D:$D=K$6) * ('기록'!$C:$C=""북"") * (IF($A$2=""전체"", TRUE, (YEAR('기록'!$A:$A)&"""")=$A$2)))), ""-""))"),2.5) -> 2.5 | L33: =IFERROR(__xludf.DUMMYFUNCTION("IF(L$6="""", """", IFERROR(AVERAGE(FILTER('기록'!$F:$F, ('기록'!$D:$D=L$6) * ('기록'!$C:$C=""북"") * (IF($A$2=""전체"", TRUE, (YEAR('기록'!$A:$A)&"""")=$A$2)))), ""-""))"),2.6666666666666665) -> 2.6666667 | M33: =IFERROR(__xludf.DUMMYFUNCTION("IF(M$6="""", """", IFERROR(AVERAGE(FILTER('기록'!$F:$F, ('기록'!$D:$D=M$6) * ('기록'!$C:$C=""북"") * (IF($A$2=""전체"", TRUE, (YEAR('기록'!$A:$A)&"""")=$A$2)))), ""-""))"),2.076923076923077) -> 2.0769231 | N33: =IFERROR(__xludf.DUMMYFUNCTION("IF(N$6="""", """", IFERROR(AVERAGE(FILTER('기록'!$F:$F, ('기록'!$D:$D=N$6) * ('기록'!$C:$C=""북"") * (IF($A$2=""전체"", TRUE, (YEAR('기록'!$A:$A)&"""")=$A$2)))), ""-""))"),"-") -> - | O33: =IFERROR(__xludf.DUMMYFUNCTION("IF(O$6="""", """", IFERROR(AVERAGE(FILTER('기록'!$F:$F, ('기록'!$D:$D=O$6) * ('기록'!$C:$C=""북"") * (IF($A$2=""전체"", TRUE, (YEAR('기록'!$A:$A)&"""")=$A$2)))), ""-""))"),4.0) -> 4 | P33: =IFERROR(__xludf.DUMMYFUNCTION("IF(P$6="""", """", IFERROR(AVERAGE(FILTER('기록'!$F:$F, ('기록'!$D:$D=P$6) * ('기록'!$C:$C=""북"") * (IF($A$2=""전체"", TRUE, (YEAR('기록'!$A:$A)&"""")=$A$2)))), ""-""))"),"-") -> - | Q33: =IFERROR(__xludf.DUMMYFUNCTION("IF(Q$6="""", """", IFERROR(AVERAGE(FILTER('기록'!$F:$F, ('기록'!$D:$D=Q$6) * ('기록'!$C:$C=""북"") * (IF($A$2=""전체"", TRUE, (YEAR('기록'!$A:$A)&"""")=$A$2)))), ""-""))"),"-") -> - | R33: =IFERROR(__xludf.DUMMYFUNCTION("IF(R$6="""", """", IFERROR(AVERAGE(FILTER('기록'!$F:$F, ('기록'!$D:$D=R$6) * ('기록'!$C:$C=""북"") * (IF($A$2=""전체"", TRUE, (YEAR('기록'!$A:$A)&"""")=$A$2)))), ""-""))"),"-") -> - | S33: =IFERROR(__xludf.DUMMYFUNCTION("IF(S$6="""", """", IFERROR(AVERAGE(FILTER('기록'!$F:$F, ('기록'!$D:$D=S$6) * ('기록'!$C:$C=""북"") * (IF($A$2=""전체"", TRUE, (YEAR('기록'!$A:$A)&"""")=$A$2)))), ""-""))"),"-") -> - | T33: =IFERROR(__xludf.DUMMYFUNCTION("IF(T$6="""", """", IFERROR(AVERAGE(FILTER('기록'!$F:$F, ('기록'!$D:$D=T$6) * ('기록'!$C:$C=""북"") * (IF($A$2=""전체"", TRUE, (YEAR('기록'!$A:$A)&"""")=$A$2)))), ""-""))"),"-") -> - | U33: =IFERROR(__xludf.DUMMYFUNCTION("IF(U$6="""", """", IFERROR(AVERAGE(FILTER('기록'!$F:$F, ('기록'!$D:$D=U$6) * ('기록'!$C:$C=""북"") * (IF($A$2=""전체"", TRUE, (YEAR('기록'!$A:$A)&"""")=$A$2)))), ""-""))"),"-") -> - | V33: =IFERROR(__xludf.DUMMYFUNCTION("IF(V$6="""", """", IFERROR(AVERAGE(FILTER('기록'!$F:$F, ('기록'!$D:$D=V$6) * ('기록'!$C:$C=""북"") * (IF($A$2=""전체"", TRUE, (YEAR('기록'!$A:$A)&"""")=$A$2)))), ""-""))"),3.0) -> 3 | W33: =IFERROR(__xludf.DUMMYFUNCTION("IF(W$6="""", """", IFERROR(AVERAGE(FILTER('기록'!$F:$F, ('기록'!$D:$D=W$6) * ('기록'!$C:$C=""북"") * (IF($A$2=""전체"", TRUE, (YEAR('기록'!$A:$A)&"""")=$A$2)))), ""-""))"),"-") -> - | X33: =IFERROR(__xludf.DUMMYFUNCTION("IF(X$6="""", """", IFERROR(AVERAGE(FILTER('기록'!$F:$F, ('기록'!$D:$D=X$6) * ('기록'!$C:$C=""북"") * (IF($A$2=""전체"", TRUE, (YEAR('기록'!$A:$A)&"""")=$A$2)))), ""-""))"),"-") -> - | Y33: =IFERROR(__xludf.DUMMYFUNCTION("IF(Y$6="""", """", IFERROR(AVERAGE(FILTER('기록'!$F:$F, ('기록'!$D:$D=Y$6) * ('기록'!$C:$C=""북"") * (IF($A$2=""전체"", TRUE, (YEAR('기록'!$A:$A)&"""")=$A$2)))), ""-""))"),"-") -> - | Z33: =IFERROR(__xludf.DUMMYFUNCTION("IF(Z$6="""", """", IFERROR(AVERAGE(FILTER('기록'!$F:$F, ('기록'!$D:$D=Z$6) * ('기록'!$C:$C=""북"") * (IF($A$2=""전체"", TRUE, (YEAR('기록'!$A:$A)&"""")=$A$2)))), ""-""))"),"-") -> - | AA33: =IFERROR(__xludf.DUMMYFUNCTION("IF(AA$6="""", """", IFERROR(AVERAGE(FILTER('기록'!$F:$F, ('기록'!$D:$D=AA$6) * ('기록'!$C:$C=""북"") * (IF($A$2=""전체"", TRUE, (YEAR('기록'!$A:$A)&"""")=$A$2)))), ""-""))"),"-") -> - | AB33: =IFERROR(__xludf.DUMMYFUNCTION("IF(AB$6="""", """", IFERROR(AVERAGE(FILTER('기록'!$F:$F, ('기록'!$D:$D=AB$6) * ('기록'!$C:$C=""북"") * (IF($A$2=""전체"", TRUE, (YEAR('기록'!$A:$A)&"""")=$A$2)))), ""-""))"),"-") -> - | AC33: =IFERROR(__xludf.DUMMYFUNCTION("IF(AC$6="""", """", IFERROR(AVERAGE(FILTER('기록'!$F:$F, ('기록'!$D:$D=AC$6) * ('기록'!$C:$C=""북"") * (IF($A$2=""전체"", TRUE, (YEAR('기록'!$A:$A)&"""")=$A$2)))), ""-""))"),"-") -> - | AD33: =IFERROR(__xludf.DUMMYFUNCTION("IF(AD$6="""", """", IFERROR(AVERAGE(FILTER('기록'!$F:$F, ('기록'!$D:$D=AD$6) * ('기록'!$C:$C=""북"") * (IF($A$2=""전체"", TRUE, (YEAR('기록'!$A:$A)&"""")=$A$2)))), ""-""))"),"-") -> - | AE33: =IFERROR(__xludf.DUMMYFUNCTION("IF(AE$6="""", """", IFERROR(AVERAGE(FILTER('기록'!$F:$F, ('기록'!$D:$D=AE$6) * ('기록'!$C:$C=""북"") * (IF($A$2=""전체"", TRUE, (YEAR('기록'!$A:$A)&"""")=$A$2)))), ""-""))"),"-") -> - | AF33: =IFERROR(__xludf.DUMMYFUNCTION("IF(AF$6="""", """", IFERROR(AVERAGE(FILTER('기록'!$F:$F, ('기록'!$D:$D=AF$6) * ('기록'!$C:$C=""북"") * (IF($A$2=""전체"", TRUE, (YEAR('기록'!$A:$A)&"""")=$A$2)))), ""-""))"),"-") -> - | AG33: =IFERROR(__xludf.DUMMYFUNCTION("IF(AG$6="""", """", IFERROR(AVERAGE(FILTER('기록'!$F:$F, ('기록'!$D:$D=AG$6) * ('기록'!$C:$C=""북"") * (IF($A$2=""전체"", TRUE, (YEAR('기록'!$A:$A)&"""")=$A$2)))), ""-""))"),4.0) -> 4 | AH33: =IFERROR(__xludf.DUMMYFUNCTION("IF(AH$6="""", """", IFERROR(AVERAGE(FILTER('기록'!$F:$F, ('기록'!$D:$D=AH$6) * ('기록'!$C:$C=""북"") * (IF($A$2=""전체"", TRUE, (YEAR('기록'!$A:$A)&"""")=$A$2)))), ""-""))"),3.25) -> 3.25 | AI33: =IFERROR(__xludf.DUMMYFUNCTION("IF(AI$6="""", """", IFERROR(AVERAGE(FILTER('기록'!$F:$F, ('기록'!$D:$D=AI$6) * ('기록'!$C:$C=""북"") * (IF($A$2=""전체"", TRUE, (YEAR('기록'!$A:$A)&"""")=$A$2)))), ""-""))"),4.0) -> 4
B34: 동 착석횟수 | C34: =IFERROR(__xludf.DUMMYFUNCTION("IF(C$6="""", """", IFERROR(ROWS(FILTER('기록'!$C:$C, ('기록'!$D:$D=C$6) * ('기록'!$C:$C=""동"") * (IF($A$2=""전체"", TRUE, (YEAR('기록'!$A:$A)&"""")=$A$2)))), 0))"),5.0) -> 5 | D34: =IFERROR(__xludf.DUMMYFUNCTION("IF(D$6="""", """", IFERROR(ROWS(FILTER('기록'!$C:$C, ('기록'!$D:$D=D$6) * ('기록'!$C:$C=""동"") * (IF($A$2=""전체"", TRUE, (YEAR('기록'!$A:$A)&"""")=$A$2)))), 0))"),11.0) -> 11 | E34: =IFERROR(__xludf.DUMMYFUNCTION("IF(E$6="""", """", IFERROR(ROWS(FILTER('기록'!$C:$C, ('기록'!$D:$D=E$6) * ('기록'!$C:$C=""동"") * (IF($A$2=""전체"", TRUE, (YEAR('기록'!$A:$A)&"""")=$A$2)))), 0))"),2.0) -> 2 | F34: =IFERROR(__xludf.DUMMYFUNCTION("IF(F$6="""", """", IFERROR(ROWS(FILTER('기록'!$C:$C, ('기록'!$D:$D=F$6) * ('기록'!$C:$C=""동"") * (IF($A$2=""전체"", TRUE, (YEAR('기록'!$A:$A)&"""")=$A$2)))), 0))"),11.0) -> 11 | G34: =IFERROR(__xludf.DUMMYFUNCTION("IF(G$6="""", """", IFERROR(ROWS(FILTER('기록'!$C:$C, ('기록'!$D:$D=G$6) * ('기록'!$C:$C=""동"") * (IF($A$2=""전체"", TRUE, (YEAR('기록'!$A:$A)&"""")=$A$2)))), 0))"),5.0) -> 5 | H34: =IFERROR(__xludf.DUMMYFUNCTION("IF(H$6="""", """", IFERROR(ROWS(FILTER('기록'!$C:$C, ('기록'!$D:$D=H$6) * ('기록'!$C:$C=""동"") * (IF($A$2=""전체"", TRUE, (YEAR('기록'!$A:$A)&"""")=$A$2)))), 0))"),3.0) -> 3 | I34: =IFERROR(__xludf.DUMMYFUNCTION("IF(I$6="""", """", IFERROR(ROWS(FILTER('기록'!$C:$C, ('기록'!$D:$D=I$6) * ('기록'!$C:$C=""동"") * (IF($A$2=""전체"", TRUE, (YEAR('기록'!$A:$A)&"""")=$A$2)))), 0))"),3.0) -> 3 | J34: =IFERROR(__xludf.DUMMYFUNCTION("IF(J$6="""", """", IFERROR(ROWS(FILTER('기록'!$C:$C, ('기록'!$D:$D=J$6) * ('기록'!$C:$C=""동"") * (IF($A$2=""전체"", TRUE, (YEAR('기록'!$A:$A)&"""")=$A$2)))), 0))"),0.0) -> 0 | K34: =IFERROR(__xludf.DUMMYFUNCTION("IF(K$6="""", """", IFERROR(ROWS(FILTER('기록'!$C:$C, ('기록'!$D:$D=K$6) * ('기록'!$C:$C=""동"") * (IF($A$2=""전체"", TRUE, (YEAR('기록'!$A:$A)&"""")=$A$2)))), 0))"),2.0) -> 2 | L34: =IFERROR(__xludf.DUMMYFUNCTION("IF(L$6="""", """", IFERROR(ROWS(FILTER('기록'!$C:$C, ('기록'!$D:$D=L$6) * ('기록'!$C:$C=""동"") * (IF($A$2=""전체"", TRUE, (YEAR('기록'!$A:$A)&"""")=$A$2)))), 0))"),5.0) -> 5 | M34: =IFERROR(__xludf.DUMMYFUNCTION("IF(M$6="""", """", IFERROR(ROWS(FILTER('기록'!$C:$C, ('기록'!$D:$D=M$6) * ('기록'!$C:$C=""동"") * (IF($A$2=""전체"", TRUE, (YEAR('기록'!$A:$A)&"""")=$A$2)))), 0))"),6.0) -> 6 | N34: =IFERROR(__xludf.DUMMYFUNCTION("IF(N$6="""", """", IFERROR(ROWS(FILTER('기록'!$C:$C, ('기록'!$D:$D=N$6) * ('기록'!$C:$C=""동"") * (IF($A$2=""전체"", TRUE, (YEAR('기록'!$A:$A)&"""")=$A$2)))), 0))"),0.0) -> 0 | O34: =IFERROR(__xludf.DUMMYFUNCTION("IF(O$6="""", """", IFERROR(ROWS(FILTER('기록'!$C:$C, ('기록'!$D:$D=O$6) * ('기록'!$C:$C=""동"") * (IF($A$2=""전체"", TRUE, (YEAR('기록'!$A:$A)&"""")=$A$2)))), 0))"),1.0) -> 1 | P34: =IFERROR(__xludf.DUMMYFUNCTION("IF(P$6="""", """", IFERROR(ROWS(FILTER('기록'!$C:$C, ('기록'!$D:$D=P$6) * ('기록'!$C:$C=""동"") * (IF($A$2=""전체"", TRUE, (YEAR('기록'!$A:$A)&"""")=$A$2)))), 0))"),0.0) -> 0 | Q34: =IFERROR(__xludf.DUMMYFUNCTION("IF(Q$6="""", """", IFERROR(ROWS(FILTER('기록'!$C:$C, ('기록'!$D:$D=Q$6) * ('기록'!$C:$C=""동"") * (IF($A$2=""전체"", TRUE, (YEAR('기록'!$A:$A)&"""")=$A$2)))), 0))"),0.0) -> 0 | R34: =IFERROR(__xludf.DUMMYFUNCTION("IF(R$6="""", """", IFERROR(ROWS(FILTER('기록'!$C:$C, ('기록'!$D:$D=R$6) * ('기록'!$C:$C=""동"") * (IF($A$2=""전체"", TRUE, (YEAR('기록'!$A:$A)&"""")=$A$2)))), 0))"),0.0) -> 0 | S34: =IFERROR(__xludf.DUMMYFUNCTION("IF(S$6="""", """", IFERROR(ROWS(FILTER('기록'!$C:$C, ('기록'!$D:$D=S$6) * ('기록'!$C:$C=""동"") * (IF($A$2=""전체"", TRUE, (YEAR('기록'!$A:$A)&"""")=$A$2)))), 0))"),0.0) -> 0 | T34: =IFERROR(__xludf.DUMMYFUNCTION("IF(T$6="""", """", IFERROR(ROWS(FILTER('기록'!$C:$C, ('기록'!$D:$D=T$6) * ('기록'!$C:$C=""동"") * (IF($A$2=""전체"", TRUE, (YEAR('기록'!$A:$A)&"""")=$A$2)))), 0))"),0.0) -> 0 | U34: =IFERROR(__xludf.DUMMYFUNCTION("IF(U$6="""", """", IFERROR(ROWS(FILTER('기록'!$C:$C, ('기록'!$D:$D=U$6) * ('기록'!$C:$C=""동"") * (IF($A$2=""전체"", TRUE, (YEAR('기록'!$A:$A)&"""")=$A$2)))), 0))"),0.0) -> 0 | V34: =IFERROR(__xludf.DUMMYFUNCTION("IF(V$6="""", """", IFERROR(ROWS(FILTER('기록'!$C:$C, ('기록'!$D:$D=V$6) * ('기록'!$C:$C=""동"") * (IF($A$2=""전체"", TRUE, (YEAR('기록'!$A:$A)&"""")=$A$2)))), 0))"),4.0) -> 4 | W34: =IFERROR(__xludf.DUMMYFUNCTION("IF(W$6="""", """", IFERROR(ROWS(FILTER('기록'!$C:$C, ('기록'!$D:$D=W$6) * ('기록'!$C:$C=""동"") * (IF($A$2=""전체"", TRUE, (YEAR('기록'!$A:$A)&"""")=$A$2)))), 0))"),0.0) -> 0 | X34: =IFERROR(__xludf.DUMMYFUNCTION("IF(X$6="""", """", IFERROR(ROWS(FILTER('기록'!$C:$C, ('기록'!$D:$D=X$6) * ('기록'!$C:$C=""동"") * (IF($A$2=""전체"", TRUE, (YEAR('기록'!$A:$A)&"""")=$A$2)))), 0))"),0.0) -> 0 | Y34: =IFERROR(__xludf.DUMMYFUNCTION("IF(Y$6="""", """", IFERROR(ROWS(FILTER('기록'!$C:$C, ('기록'!$D:$D=Y$6) * ('기록'!$C:$C=""동"") * (IF($A$2=""전체"", TRUE, (YEAR('기록'!$A:$A)&"""")=$A$2)))), 0))"),0.0) -> 0 | Z34: =IFERROR(__xludf.DUMMYFUNCTION("IF(Z$6="""", """", IFERROR(ROWS(FILTER('기록'!$C:$C, ('기록'!$D:$D=Z$6) * ('기록'!$C:$C=""동"") * (IF($A$2=""전체"", TRUE, (YEAR('기록'!$A:$A)&"""")=$A$2)))), 0))"),0.0) -> 0 | AA34: =IFERROR(__xludf.DUMMYFUNCTION("IF(AA$6="""", """", IFERROR(ROWS(FILTER('기록'!$C:$C, ('기록'!$D:$D=AA$6) * ('기록'!$C:$C=""동"") * (IF($A$2=""전체"", TRUE, (YEAR('기록'!$A:$A)&"""")=$A$2)))), 0))"),0.0) -> 0 | AB34: =IFERROR(__xludf.DUMMYFUNCTION("IF(AB$6="""", """", IFERROR(ROWS(FILTER('기록'!$C:$C, ('기록'!$D:$D=AB$6) * ('기록'!$C:$C=""동"") * (IF($A$2=""전체"", TRUE, (YEAR('기록'!$A:$A)&"""")=$A$2)))), 0))"),0.0) -> 0 | AC34: =IFERROR(__xludf.DUMMYFUNCTION("IF(AC$6="""", """", IFERROR(ROWS(FILTER('기록'!$C:$C, ('기록'!$D:$D=AC$6) * ('기록'!$C:$C=""동"") * (IF($A$2=""전체"", TRUE, (YEAR('기록'!$A:$A)&"""")=$A$2)))), 0))"),1.0) -> 1 | AD34: =IFERROR(__xludf.DUMMYFUNCTION("IF(AD$6="""", """", IFERROR(ROWS(FILTER('기록'!$C:$C, ('기록'!$D:$D=AD$6) * ('기록'!$C:$C=""동"") * (IF($A$2=""전체"", TRUE, (YEAR('기록'!$A:$A)&"""")=$A$2)))), 0))"),0.0) -> 0 | AE34: =IFERROR(__xludf.DUMMYFUNCTION("IF(AE$6="""", """", IFERROR(ROWS(FILTER('기록'!$C:$C, ('기록'!$D:$D=AE$6) * ('기록'!$C:$C=""동"") * (IF($A$2=""전체"", TRUE, (YEAR('기록'!$A:$A)&"""")=$A$2)))), 0))"),0.0) -> 0 | AF34: =IFERROR(__xludf.DUMMYFUNCTION("IF(AF$6="""", """", IFERROR(ROWS(FILTER('기록'!$C:$C, ('기록'!$D:$D=AF$6) * ('기록'!$C:$C=""동"") * (IF($A$2=""전체"", TRUE, (YEAR('기록'!$A:$A)&"""")=$A$2)))), 0))"),0.0) -> 0 | AG34: =IFERROR(__xludf.DUMMYFUNCTION("IF(AG$6="""", """", IFERROR(ROWS(FILTER('기록'!$C:$C, ('기록'!$D:$D=AG$6) * ('기록'!$C:$C=""동"") * (IF($A$2=""전체"", TRUE, (YEAR('기록'!$A:$A)&"""")=$A$2)))), 0))"),2.0) -> 2 | AH34: =IFERROR(__xludf.DUMMYFUNCTION("IF(AH$6="""", """", IFERROR(ROWS(FILTER('기록'!$C:$C, ('기록'!$D:$D=AH$6) * ('기록'!$C:$C=""동"") * (IF($A$2=""전체"", TRUE, (YEAR('기록'!$A:$A)&"""")=$A$2)))), 0))"),3.0) -> 3 | AI34: =IFERROR(__xludf.DUMMYFUNCTION("IF(AI$6="""", """", IFERROR(ROWS(FILTER('기록'!$C:$C, ('기록'!$D:$D=AI$6) * ('기록'!$C:$C=""동"") * (IF($A$2=""전체"", TRUE, (YEAR('기록'!$A:$A)&"""")=$A$2)))), 0))"),2.0) -> 2
B35: 남 착석횟수 | C35: =IFERROR(__xludf.DUMMYFUNCTION("IF(C$6="""", """", IFERROR(ROWS(FILTER('기록'!$C:$C, ('기록'!$D:$D=C$6) * ('기록'!$C:$C=""남"") * (IF($A$2=""전체"", TRUE, (YEAR('기록'!$A:$A)&"""")=$A$2)))), 0))"),3.0) -> 3 | D35: =IFERROR(__xludf.DUMMYFUNCTION("IF(D$6="""", """", IFERROR(ROWS(FILTER('기록'!$C:$C, ('기록'!$D:$D=D$6) * ('기록'!$C:$C=""남"") * (IF($A$2=""전체"", TRUE, (YEAR('기록'!$A:$A)&"""")=$A$2)))), 0))"),12.0) -> 12 | E35: =IFERROR(__xludf.DUMMYFUNCTION("IF(E$6="""", """", IFERROR(ROWS(FILTER('기록'!$C:$C, ('기록'!$D:$D=E$6) * ('기록'!$C:$C=""남"") * (IF($A$2=""전체"", TRUE, (YEAR('기록'!$A:$A)&"""")=$A$2)))), 0))"),6.0) -> 6 | F35: =IFERROR(__xludf.DUMMYFUNCTION("IF(F$6="""", """", IFERROR(ROWS(FILTER('기록'!$C:$C, ('기록'!$D:$D=F$6) * ('기록'!$C:$C=""남"") * (IF($A$2=""전체"", TRUE, (YEAR('기록'!$A:$A)&"""")=$A$2)))), 0))"),3.0) -> 3 | G35: =IFERROR(__xludf.DUMMYFUNCTION("IF(G$6="""", """", IFERROR(ROWS(FILTER('기록'!$C:$C, ('기록'!$D:$D=G$6) * ('기록'!$C:$C=""남"") * (IF($A$2=""전체"", TRUE, (YEAR('기록'!$A:$A)&"""")=$A$2)))), 0))"),5.0) -> 5 | H35: =IFERROR(__xludf.DUMMYFUNCTION("IF(H$6="""", """", IFERROR(ROWS(FILTER('기록'!$C:$C, ('기록'!$D:$D=H$6) * ('기록'!$C:$C=""남"") * (IF($A$2=""전체"", TRUE, (YEAR('기록'!$A:$A)&"""")=$A$2)))), 0))"),3.0) -> 3 | I35: =IFERROR(__xludf.DUMMYFUNCTION("IF(I$6="""", """", IFERROR(ROWS(FILTER('기록'!$C:$C, ('기록'!$D:$D=I$6) * ('기록'!$C:$C=""남"") * (IF($A$2=""전체"", TRUE, (YEAR('기록'!$A:$A)&"""")=$A$2)))), 0))"),1.0) -> 1 | J35: =IFERROR(__xludf.DUMMYFUNCTION("IF(J$6="""", """", IFERROR(ROWS(FILTER('기록'!$C:$C, ('기록'!$D:$D=J$6) * ('기록'!$C:$C=""남"") * (IF($A$2=""전체"", TRUE, (YEAR('기록'!$A:$A)&"""")=$A$2)))), 0))"),0.0) -> 0 | K35: =IFERROR(__xludf.DUMMYFUNCTION("IF(K$6="""", """", IFERROR(ROWS(FILTER('기록'!$C:$C, ('기록'!$D:$D=K$6) * ('기록'!$C:$C=""남"") * (IF($A$2=""전체"", TRUE, (YEAR('기록'!$A:$A)&"""")=$A$2)))), 0))"),1.0) -> 1 | L35: =IFERROR(__xludf.DUMMYFUNCTION("IF(L$6="""", """", IFERROR(ROWS(FILTER('기록'!$C:$C, ('기록'!$D:$D=L$6) * ('기록'!$C:$C=""남"") * (IF($A$2=""전체"", TRUE, (YEAR('기록'!$A:$A)&"""")=$A$2)))), 0))"),4.0) -> 4 | M35: =IFERROR(__xludf.DUMMYFUNCTION("IF(M$6="""", """", IFERROR(ROWS(FILTER('기록'!$C:$C, ('기록'!$D:$D=M$6) * ('기록'!$C:$C=""남"") * (IF($A$2=""전체"", TRUE, (YEAR('기록'!$A:$A)&"""")=$A$2)))), 0))"),15.0) -> 15 | N35: =IFERROR(__xludf.DUMMYFUNCTION("IF(N$6="""", """", IFERROR(ROWS(FILTER('기록'!$C:$C, ('기록'!$D:$D=N$6) * ('기록'!$C:$C=""남"") * (IF($A$2=""전체"", TRUE, (YEAR('기록'!$A:$A)&"""")=$A$2)))), 0))"),0.0) -> 0 | O35: =IFERROR(__xludf.DUMMYFUNCTION("IF(O$6="""", """", IFERROR(ROWS(FILTER('기록'!$C:$C, ('기록'!$D:$D=O$6) * ('기록'!$C:$C=""남"") * (IF($A$2=""전체"", TRUE, (YEAR('기록'!$A:$A)&"""")=$A$2)))), 0))"),2.0) -> 2 | P35: =IFERROR(__xludf.DUMMYFUNCTION("IF(P$6="""", """", IFERROR(ROWS(FILTER('기록'!$C:$C, ('기록'!$D:$D=P$6) * ('기록'!$C:$C=""남"") * (IF($A$2=""전체"", TRUE, (YEAR('기록'!$A:$A)&"""")=$A$2)))), 0))"),0.0) -> 0 | Q35: =IFERROR(__xludf.DUMMYFUNCTION("IF(Q$6="""", """", IFERROR(ROWS(FILTER('기록'!$C:$C, ('기록'!$D:$D=Q$6) * ('기록'!$C:$C=""남"") * (IF($A$2=""전체"", TRUE, (YEAR('기록'!$A:$A)&"""")=$A$2)))), 0))"),0.0) -> 0 | R35: =IFERROR(__xludf.DUMMYFUNCTION("IF(R$6="""", """", IFERROR(ROWS(FILTER('기록'!$C:$C, ('기록'!$D:$D=R$6) * ('기록'!$C:$C=""남"") * (IF($A$2=""전체"", TRUE, (YEAR('기록'!$A:$A)&"""")=$A$2)))), 0))"),0.0) -> 0 | S35: =IFERROR(__xludf.DUMMYFUNCTION("IF(S$6="""", """", IFERROR(ROWS(FILTER('기록'!$C:$C, ('기록'!$D:$D=S$6) * ('기록'!$C:$C=""남"") * (IF($A$2=""전체"", TRUE, (YEAR('기록'!$A:$A)&"""")=$A$2)))), 0))"),0.0) -> 0 | T35: =IFERROR(__xludf.DUMMYFUNCTION("IF(T$6="""", """", IFERROR(ROWS(FILTER('기록'!$C:$C, ('기록'!$D:$D=T$6) * ('기록'!$C:$C=""남"") * (IF($A$2=""전체"", TRUE, (YEAR('기록'!$A:$A)&"""")=$A$2)))), 0))"),0.0) -> 0 | U35: =IFERROR(__xludf.DUMMYFUNCTION("IF(U$6="""", """", IFERROR(ROWS(FILTER('기록'!$C:$C, ('기록'!$D:$D=U$6) * ('기록'!$C:$C=""남"") * (IF($A$2=""전체"", TRUE, (YEAR('기록'!$A:$A)&"""")=$A$2)))), 0))"),0.0) -> 0 | V35: =IFERROR(__xludf.DUMMYFUNCTION("IF(V$6="""", """", IFERROR(ROWS(FILTER('기록'!$C:$C, ('기록'!$D:$D=V$6) * ('기록'!$C:$C=""남"") * (IF($A$2=""전체"", TRUE, (YEAR('기록'!$A:$A)&"""")=$A$2)))), 0))"),3.0) -> 3 | W35: =IFERROR(__xludf.DUMMYFUNCTION("IF(W$6="""", """", IFERROR(ROWS(FILTER('기록'!$C:$C, ('기록'!$D:$D=W$6) * ('기록'!$C:$C=""남"") * (IF($A$2=""전체"", TRUE, (YEAR('기록'!$A:$A)&"""")=$A$2)))), 0))"),0.0) -> 0 | X35: =IFERROR(__xludf.DUMMYFUNCTION("IF(X$6="""", """", IFERROR(ROWS(FILTER('기록'!$C:$C, ('기록'!$D:$D=X$6) * ('기록'!$C:$C=""남"") * (IF($A$2=""전체"", TRUE, (YEAR('기록'!$A:$A)&"""")=$A$2)))), 0))"),0.0) -> 0 | Y35: =IFERROR(__xludf.DUMMYFUNCTION("IF(Y$6="""", """", IFERROR(ROWS(FILTER('기록'!$C:$C, ('기록'!$D:$D=Y$6) * ('기록'!$C:$C=""남"") * (IF($A$2=""전체"", TRUE, (YEAR('기록'!$A:$A)&"""")=$A$2)))), 0))"),0.0) -> 0 | Z35: =IFERROR(__xludf.DUMMYFUNCTION("IF(Z$6="""", """", IFERROR(ROWS(FILTER('기록'!$C:$C, ('기록'!$D:$D=Z$6) * ('기록'!$C:$C=""남"") * (IF($A$2=""전체"", TRUE, (YEAR('기록'!$A:$A)&"""")=$A$2)))), 0))"),0.0) -> 0 | AA35: =IFERROR(__xludf.DUMMYFUNCTION("IF(AA$6="""", """", IFERROR(ROWS(FILTER('기록'!$C:$C, ('기록'!$D:$D=AA$6) * ('기록'!$C:$C=""남"") * (IF($A$2=""전체"", TRUE, (YEAR('기록'!$A:$A)&"""")=$A$2)))), 0))"),0.0) -> 0 | AB35: =IFERROR(__xludf.DUMMYFUNCTION("IF(AB$6="""", """", IFERROR(ROWS(FILTER('기록'!$C:$C, ('기록'!$D:$D=AB$6) * ('기록'!$C:$C=""남"") * (IF($A$2=""전체"", TRUE, (YEAR('기록'!$A:$A)&"""")=$A$2)))), 0))"),0.0) -> 0 | AC35: =IFERROR(__xludf.DUMMYFUNCTION("IF(AC$6="""", """", IFERROR(ROWS(FILTER('기록'!$C:$C, ('기록'!$D:$D=AC$6) * ('기록'!$C:$C=""남"") * (IF($A$2=""전체"", TRUE, (YEAR('기록'!$A:$A)&"""")=$A$2)))), 0))"),4.0) -> 4 | AD35: =IFERROR(__xludf.DUMMYFUNCTION("IF(AD$6="""", """", IFERROR(ROWS(FILTER('기록'!$C:$C, ('기록'!$D:$D=AD$6) * ('기록'!$C:$C=""남"") * (IF($A$2=""전체"", TRUE, (YEAR('기록'!$A:$A)&"""")=$A$2)))), 0))"),0.0) -> 0 | AE35: =IFERROR(__xludf.DUMMYFUNCTION("IF(AE$6="""", """", IFERROR(ROWS(FILTER('기록'!$C:$C, ('기록'!$D:$D=AE$6) * ('기록'!$C:$C=""남"") * (IF($A$2=""전체"", TRUE, (YEAR('기록'!$A:$A)&"""")=$A$2)))), 0))"),0.0) -> 0 | AF35: =IFERROR(__xludf.DUMMYFUNCTION("IF(AF$6="""", """", IFERROR(ROWS(FILTER('기록'!$C:$C, ('기록'!$D:$D=AF$6) * ('기록'!$C:$C=""남"") * (IF($A$2=""전체"", TRUE, (YEAR('기록'!$A:$A)&"""")=$A$2)))), 0))"),0.0) -> 0 | AG35: =IFERROR(__xludf.DUMMYFUNCTION("IF(AG$6="""", """", IFERROR(ROWS(FILTER('기록'!$C:$C, ('기록'!$D:$D=AG$6) * ('기록'!$C:$C=""남"") * (IF($A$2=""전체"", TRUE, (YEAR('기록'!$A:$A)&"""")=$A$2)))), 0))"),1.0) -> 1 | AH35: =IFERROR(__xludf.DUMMYFUNCTION("IF(AH$6="""", """", IFERROR(ROWS(FILTER('기록'!$C:$C, ('기록'!$D:$D=AH$6) * ('기록'!$C:$C=""남"") * (IF($A$2=""전체"", TRUE, (YEAR('기록'!$A:$A)&"""")=$A$2)))), 0))"),3.0) -> 3 | AI35: =IFERROR(__xludf.DUMMYFUNCTION("IF(AI$6="""", """", IFERROR(ROWS(FILTER('기록'!$C:$C, ('기록'!$D:$D=AI$6) * ('기록'!$C:$C=""남"") * (IF($A$2=""전체"", TRUE, (YEAR('기록'!$A:$A)&"""")=$A$2)))), 0))"),0.0) -> 0
B36: 서 착석횟수 | C36: =IFERROR(__xludf.DUMMYFUNCTION("IF(C$6="""", """", IFERROR(ROWS(FILTER('기록'!$C:$C, ('기록'!$D:$D=C$6) * ('기록'!$C:$C=""서"") * (IF($A$2=""전체"", TRUE, (YEAR('기록'!$A:$A)&"""")=$A$2)))), 0))"),10.0) -> 10 | D36: =IFERROR(__xludf.DUMMYFUNCTION("IF(D$6="""", """", IFERROR(ROWS(FILTER('기록'!$C:$C, ('기록'!$D:$D=D$6) * ('기록'!$C:$C=""서"") * (IF($A$2=""전체"", TRUE, (YEAR('기록'!$A:$A)&"""")=$A$2)))), 0))"),8.0) -> 8 | E36: =IFERROR(__xludf.DUMMYFUNCTION("IF(E$6="""", """", IFERROR(ROWS(FILTER('기록'!$C:$C, ('기록'!$D:$D=E$6) * ('기록'!$C:$C=""서"") * (IF($A$2=""전체"", TRUE, (YEAR('기록'!$A:$A)&"""")=$A$2)))), 0))"),3.0) -> 3 | F36: =IFERROR(__xludf.DUMMYFUNCTION("IF(F$6="""", """", IFERROR(ROWS(FILTER('기록'!$C:$C, ('기록'!$D:$D=F$6) * ('기록'!$C:$C=""서"") * (IF($A$2=""전체"", TRUE, (YEAR('기록'!$A:$A)&"""")=$A$2)))), 0))"),9.0) -> 9 | G36: =IFERROR(__xludf.DUMMYFUNCTION("IF(G$6="""", """", IFERROR(ROWS(FILTER('기록'!$C:$C, ('기록'!$D:$D=G$6) * ('기록'!$C:$C=""서"") * (IF($A$2=""전체"", TRUE, (YEAR('기록'!$A:$A)&"""")=$A$2)))), 0))"),4.0) -> 4 | H36: =IFERROR(__xludf.DUMMYFUNCTION("IF(H$6="""", """", IFERROR(ROWS(FILTER('기록'!$C:$C, ('기록'!$D:$D=H$6) * ('기록'!$C:$C=""서"") * (IF($A$2=""전체"", TRUE, (YEAR('기록'!$A:$A)&"""")=$A$2)))), 0))"),4.0) -> 4 | I36: =IFERROR(__xludf.DUMMYFUNCTION("IF(I$6="""", """", IFERROR(ROWS(FILTER('기록'!$C:$C, ('기록'!$D:$D=I$6) * ('기록'!$C:$C=""서"") * (IF($A$2=""전체"", TRUE, (YEAR('기록'!$A:$A)&"""")=$A$2)))), 0))"),2.0) -> 2 | J36: =IFERROR(__xludf.DUMMYFUNCTION("IF(J$6="""", """", IFERROR(ROWS(FILTER('기록'!$C:$C, ('기록'!$D:$D=J$6) * ('기록'!$C:$C=""서"") * (IF($A$2=""전체"", TRUE, (YEAR('기록'!$A:$A)&"""")=$A$2)))), 0))"),0.0) -> 0 | K36: =IFERROR(__xludf.DUMMYFUNCTION("IF(K$6="""", """", IFERROR(ROWS(FILTER('기록'!$C:$C, ('기록'!$D:$D=K$6) * ('기록'!$C:$C=""서"") * (IF($A$2=""전체"", TRUE, (YEAR('기록'!$A:$A)&"""")=$A$2)))), 0))"),2.0) -> 2 | L36: =IFERROR(__xludf.DUMMYFUNCTION("IF(L$6="""", """", IFERROR(ROWS(FILTER('기록'!$C:$C, ('기록'!$D:$D=L$6) * ('기록'!$C:$C=""서"") * (IF($A$2=""전체"", TRUE, (YEAR('기록'!$A:$A)&"""")=$A$2)))), 0))"),5.0) -> 5 | M36: =IFERROR(__xludf.DUMMYFUNCTION("IF(M$6="""", """", IFERROR(ROWS(FILTER('기록'!$C:$C, ('기록'!$D:$D=M$6) * ('기록'!$C:$C=""서"") * (IF($A$2=""전체"", TRUE, (YEAR('기록'!$A:$A)&"""")=$A$2)))), 0))"),3.0) -> 3 | N36: =IFERROR(__xludf.DUMMYFUNCTION("IF(N$6="""", """", IFERROR(ROWS(FILTER('기록'!$C:$C, ('기록'!$D:$D=N$6) * ('기록'!$C:$C=""서"") * (IF($A$2=""전체"", TRUE, (YEAR('기록'!$A:$A)&"""")=$A$2)))), 0))"),0.0) -> 0 | O36: =IFERROR(__xludf.DUMMYFUNCTION("IF(O$6="""", """", IFERROR(ROWS(FILTER('기록'!$C:$C, ('기록'!$D:$D=O$6) * ('기록'!$C:$C=""서"") * (IF($A$2=""전체"", TRUE, (YEAR('기록'!$A:$A)&"""")=$A$2)))), 0))"),1.0) -> 1 | P36: =IFERROR(__xludf.DUMMYFUNCTION("IF(P$6="""", """", IFERROR(ROWS(FILTER('기록'!$C:$C, ('기록'!$D:$D=P$6) * ('기록'!$C:$C=""서"") * (IF($A$2=""전체"", TRUE, (YEAR('기록'!$A:$A)&"""")=$A$2)))), 0))"),0.0) -> 0 | Q36: =IFERROR(__xludf.DUMMYFUNCTION("IF(Q$6="""", """", IFERROR(ROWS(FILTER('기록'!$C:$C, ('기록'!$D:$D=Q$6) * ('기록'!$C:$C=""서"") * (IF($A$2=""전체"", TRUE, (YEAR('기록'!$A:$A)&"""")=$A$2)))), 0))"),0.0) -> 0 | R36: =IFERROR(__xludf.DUMMYFUNCTION("IF(R$6="""", """", IFERROR(ROWS(FILTER('기록'!$C:$C, ('기록'!$D:$D=R$6) * ('기록'!$C:$C=""서"") * (IF($A$2=""전체"", TRUE, (YEAR('기록'!$A:$A)&"""")=$A$2)))), 0))"),0.0) -> 0 | S36: =IFERROR(__xludf.DUMMYFUNCTION("IF(S$6="""", """", IFERROR(ROWS(FILTER('기록'!$C:$C, ('기록'!$D:$D=S$6) * ('기록'!$C:$C=""서"") * (IF($A$2=""전체"", TRUE, (YEAR('기록'!$A:$A)&"""")=$A$2)))), 0))"),0.0) -> 0 | T36: =IFERROR(__xludf.DUMMYFUNCTION("IF(T$6="""", """", IFERROR(ROWS(FILTER('기록'!$C:$C, ('기록'!$D:$D=T$6) * ('기록'!$C:$C=""서"") * (IF($A$2=""전체"", TRUE, (YEAR('기록'!$A:$A)&"""")=$A$2)))), 0))"),0.0) -> 0 | U36: =IFERROR(__xludf.DUMMYFUNCTION("IF(U$6="""", """", IFERROR(ROWS(FILTER('기록'!$C:$C, ('기록'!$D:$D=U$6) * ('기록'!$C:$C=""서"") * (IF($A$2=""전체"", TRUE, (YEAR('기록'!$A:$A)&"""")=$A$2)))), 0))"),0.0) -> 0 | V36: =IFERROR(__xludf.DUMMYFUNCTION("IF(V$6="""", """", IFERROR(ROWS(FILTER('기록'!$C:$C, ('기록'!$D:$D=V$6) * ('기록'!$C:$C=""서"") * (IF($A$2=""전체"", TRUE, (YEAR('기록'!$A:$A)&"""")=$A$2)))), 0))"),4.0) -> 4 | W36: =IFERROR(__xludf.DUMMYFUNCTION("IF(W$6="""", """", IFERROR(ROWS(FILTER('기록'!$C:$C, ('기록'!$D:$D=W$6) * ('기록'!$C:$C=""서"") * (IF($A$2=""전체"", TRUE, (YEAR('기록'!$A:$A)&"""")=$A$2)))), 0))"),0.0) -> 0 | X36: =IFERROR(__xludf.DUMMYFUNCTION("IF(X$6="""", """", IFERROR(ROWS(FILTER('기록'!$C:$C, ('기록'!$D:$D=X$6) * ('기록'!$C:$C=""서"") * (IF($A$2=""전체"", TRUE, (YEAR('기록'!$A:$A)&"""")=$A$2)))), 0))"),0.0) -> 0 | Y36: =IFERROR(__xludf.DUMMYFUNCTION("IF(Y$6="""", """", IFERROR(ROWS(FILTER('기록'!$C:$C, ('기록'!$D:$D=Y$6) * ('기록'!$C:$C=""서"") * (IF($A$2=""전체"", TRUE, (YEAR('기록'!$A:$A)&"""")=$A$2)))), 0))"),0.0) -> 0 | Z36: =IFERROR(__xludf.DUMMYFUNCTION("IF(Z$6="""", """", IFERROR(ROWS(FILTER('기록'!$C:$C, ('기록'!$D:$D=Z$6) * ('기록'!$C:$C=""서"") * (IF($A$2=""전체"", TRUE, (YEAR('기록'!$A:$A)&"""")=$A$2)))), 0))"),0.0) -> 0 | AA36: =IFERROR(__xludf.DUMMYFUNCTION("IF(AA$6="""", """", IFERROR(ROWS(FILTER('기록'!$C:$C, ('기록'!$D:$D=AA$6) * ('기록'!$C:$C=""서"") * (IF($A$2=""전체"", TRUE, (YEAR('기록'!$A:$A)&"""")=$A$2)))), 0))"),0.0) -> 0 | AB36: =IFERROR(__xludf.DUMMYFUNCTION("IF(AB$6="""", """", IFERROR(ROWS(FILTER('기록'!$C:$C, ('기록'!$D:$D=AB$6) * ('기록'!$C:$C=""서"") * (IF($A$2=""전체"", TRUE, (YEAR('기록'!$A:$A)&"""")=$A$2)))), 0))"),0.0) -> 0 | AC36: =IFERROR(__xludf.DUMMYFUNCTION("IF(AC$6="""", """", IFERROR(ROWS(FILTER('기록'!$C:$C, ('기록'!$D:$D=AC$6) * ('기록'!$C:$C=""서"") * (IF($A$2=""전체"", TRUE, (YEAR('기록'!$A:$A)&"""")=$A$2)))), 0))"),4.0) -> 4 | AD36: =IFERROR(__xludf.DUMMYFUNCTION("IF(AD$6="""", """", IFERROR(ROWS(FILTER('기록'!$C:$C, ('기록'!$D:$D=AD$6) * ('기록'!$C:$C=""서"") * (IF($A$2=""전체"", TRUE, (YEAR('기록'!$A:$A)&"""")=$A$2)))), 0))"),0.0) -> 0 | AE36: =IFERROR(__xludf.DUMMYFUNCTION("IF(AE$6="""", """", IFERROR(ROWS(FILTER('기록'!$C:$C, ('기록'!$D:$D=AE$6) * ('기록'!$C:$C=""서"") * (IF($A$2=""전체"", TRUE, (YEAR('기록'!$A:$A)&"""")=$A$2)))), 0))"),0.0) -> 0 | AF36: =IFERROR(__xludf.DUMMYFUNCTION("IF(AF$6="""", """", IFERROR(ROWS(FILTER('기록'!$C:$C, ('기록'!$D:$D=AF$6) * ('기록'!$C:$C=""서"") * (IF($A$2=""전체"", TRUE, (YEAR('기록'!$A:$A)&"""")=$A$2)))), 0))"),0.0) -> 0 | AG36: =IFERROR(__xludf.DUMMYFUNCTION("IF(AG$6="""", """", IFERROR(ROWS(FILTER('기록'!$C:$C, ('기록'!$D:$D=AG$6) * ('기록'!$C:$C=""서"") * (IF($A$2=""전체"", TRUE, (YEAR('기록'!$A:$A)&"""")=$A$2)))), 0))"),2.0) -> 2 | AH36: =IFERROR(__xludf.DUMMYFUNCTION("IF(AH$6="""", """", IFERROR(ROWS(FILTER('기록'!$C:$C, ('기록'!$D:$D=AH$6) * ('기록'!$C:$C=""서"") * (IF($A$2=""전체"", TRUE, (YEAR('기록'!$A:$A)&"""")=$A$2)))), 0))"),2.0) -> 2 | AI36: =IFERROR(__xludf.DUMMYFUNCTION("IF(AI$6="""", """", IFERROR(ROWS(FILTER('기록'!$C:$C, ('기록'!$D:$D=AI$6) * ('기록'!$C:$C=""서"") * (IF($A$2=""전체"", TRUE, (YEAR('기록'!$A:$A)&"""")=$A$2)))), 0))"),3.0) -> 3
